time,cl,cl/1000,p' (cl),p'(cl/1000),SPL (cl),SPL (cl/1000),
0,0,0,0,0,#NUM!,#NUM!,#NUM!
0.001,-18.5501725,-0.018550172,-4.343895771,-0.004343896,106.736988,46.73698801,106.736988
0.002,-17.42780305,-0.017427803,-4.081070404,-0.00408107,106.1948818,46.19488183,106.1948818
0.003,-17.48092785,-0.017480928,-4.093510642,-0.004093511,106.2213186,46.22131856,106.2213186
0.004,-17.54271983,-0.01754272,-4.107980477,-0.00410798,106.2519675,46.2519675,106.2519675
0.005,-17.57087552,-0.017570876,-4.114573698,-0.004114574,106.265897,46.265897,106.265897
0.006,-17.62653941,-0.017626539,-4.127608518,-0.004127609,106.2933701,46.29337009,106.2933701
0.007,-16.35984606,-0.016359846,-3.830986807,-0.003830987,105.6456132,45.64561322,105.6456132
0.008,-15.04588846,-0.015045888,-3.523297222,-0.003523297,104.9183857,44.91838571,104.9183857
0.009,-13.78201041,-0.01378201,-3.227334773,-0.003227335,104.1562804,44.15628043,104.1562804
0.01,-12.52470379,-0.012524704,-2.932911154,-0.002932911,103.3253782,43.32537823,103.3253782
0.011,-11.27428033,-0.01127428,-2.640099366,-0.002640099,102.4118055,42.41180554,102.4118055
0.012,-10.03773349,-0.010037733,-2.350537066,-0.002350537,101.4027422,41.40274217,101.4027422
0.013,-8.8519439,-0.008851944,-2.072860599,-0.002072861,100.310802,40.31080202,100.310802
0.014,-7.729794707,-0.007729795,-1.810086808,-0.001810087,99.13338815,39.13338815,99.13338815
0.015,-6.669091028,-0.006669091,-1.561701721,-0.001561702,97.85136186,37.85136186,97.85136186
0.016,-5.717413781,-0.005717414,-1.338847364,-0.001338847,96.51402144,36.51402144,96.51402144
0.017,-4.816711266,-0.004816711,-1.127929764,-0.00112793,95.02504123,35.02504123,95.02504123
0.018,-3.982322635,-0.003982323,-0.932540894,-0.000932541,93.3727578,33.3727578,93.3727578
0.019,-3.217696364,-0.003217696,-0.753488283,-0.000753488,91.52093015,31.52093015,91.52093015
0.02,-2.48272718,-0.002482727,-0.581380475,-0.00058138,89.26860893,29.26860893,89.26860893
0.021,-1.899439253,-0.001899439,-0.444791882,-0.000444792,86.94253713,26.94253713,86.94253713
0.022,-1.394580881,-0.001394581,-0.326569146,-0.000326569,84.2589031,24.2589031,84.2589031
0.023,-0.956291861,-0.000956292,-0.223934962,-0.000223935,80.98183815,20.98183815,80.98183815
0.024,-0.565969403,-0.000565969,-0.132533112,-0.000132533,76.42588803,16.42588803,76.425888
0.025,-0.221886668,-0.000221887,-0.051959223,-5.20E-05,68.29265312,8.292653116,68.29265305
0.026,0.076523629,7.65E-05,0.017919546,1.79E-05,59.04594013,-0.954059875,59.04594013
0.027,0.33124027,0.00033124,0.077566568,7.76E-05,71.77289156,11.77289156,71.77289161
0.028,0.545370054,0.00054537,0.127709361,0.000127709,76.1038547,16.1038547,76.10385472
0.029,0.722505782,0.000722506,0.169189252,0.000169189,78.54685549,18.54685549,78.54685549
0.03,0.86650101,0.000866501,0.202908629,0.000202909,80.12541043,20.12541043,80.12541042
0.031,0.981016529,0.000981017,0.22972474,0.000229725,81.20355545,21.20355545,81.20355546
0.032,1.069436265,0.001069436,0.250429998,0.00025043,81.9531271,21.9531271,81.95312709
0.033,1.134871016,0.001134871,0.265752861,0.000265753,82.46895905,22.46895905,82.46895906
0.034,1.180171497,0.001180171,0.276360879,0.000276361,82.80893139,22.80893139,82.80893139
0.035,1.207937459,0.001207937,0.282862837,0.000282863,83.01091794,23.01091794,83.01091794
0.036,1.220531975,0.001220532,0.285812096,0.000285812,83.10101218,23.10101218,83.10101218
0.037,1.220096936,0.001220097,0.285710223,0.00028571,83.09791569,23.09791569,83.09791569
0.038,1.208568119,0.001208568,0.283010519,0.000283011,83.01545163,23.01545163,83.01545164
0.039,1.187689565,0.00118769,0.278121386,0.000278121,82.86408777,22.86408777,82.86408779
0.04,1.159027422,0.001159027,0.271409569,0.00027141,82.65190319,22.65190319,82.65190319
0.041,1.123983198,0.001123983,0.263203259,0.000263203,82.38522534,22.38522534,82.38522534
0.042,1.083806383,0.001083806,0.25379505,0.000253795,82.06906305,22.06906305,82.06906303
0.043,1.039606454,0.001039606,0.243444749,0.000243445,81.7074083,21.7074083,81.70740832
0.044,0.992364231,0.000992364,0.232382032,0.000232382,81.303451,21.303451,81.30345099
0.045,0.94294261,0.000942943,0.220808966,0.000220809,80.85973418,20.85973418,80.85973417
0.046,0.892096677,0.000892097,0.208902369,0.000208902,80.37826739,20.37826739,80.37826739
0.047,0.840483204,0.000840483,0.196816037,0.000196816,79.86060974,19.86060974,79.86060974
0.048,0.788669553,0.00078867,0.184682829,0.000184683,79.30793046,19.30793046,79.30793046
0.049,0.737141993,0.000737142,0.172616615,0.000172617,78.72105201,18.72105201,78.721052
0.05,0.686313469,0.000686313,0.160714094,0.000160714,78.10047939,18.10047939,78.10047937
0.051,0.636530822,0.000636531,0.149056487,0.000149056,77.44641771,17.44641771,77.44641772
0.052,0.588081501,0.000588082,0.137711105,0.000137711,76.75877932,16.75877932,76.75877935
0.053,0.541199779,0.0005412,0.126732807,0.000126733,76.03718117,16.03718117,76.03718117
0.054,0.496072496,0.000496072,0.116165347,0.000116165,75.28093194,15.28093194,75.28093197
0.055,0.452844363,0.000452844,0.10604261,0.000106043,74.48900829,14.48900829,74.48900825
0.056,0.411622838,0.000411623,0.096389762,9.64E-05,73.6600182,13.6600182,73.66001825
0.057,0.372482599,0.000372483,0.087224288,8.72E-05,72.79214874,12.79214874,72.79214875
0.058,0.335469651,0.00033547,0.078556962,7.86E-05,71.8830937,11.8830937,71.88309368
0.059,0.300605065,0.000300605,0.070392718,7.04E-05,70.92995483,10.92995483,70.92995478
0.06,0.267888386,0.000267888,0.062731451,6.27E-05,69.92910668,9.929106681,69.92910675
0.061,0.237300738,0.000237301,0.055568738,5.56E-05,68.87601073,8.876010732,68.87601076
0.062,0.20880762,0.000208808,0.048896501,4.89E-05,67.7649558,7.764955804,67.76495574
0.063,0.182361441,0.000182361,0.042703597,4.27E-05,66.58868926,6.588689262,66.58868925
0.064,0.157903799,0.000157904,0.036976348,3.70E-05,65.33788051,5.337880509,65.3378804
0.065,0.135367516,0.000135368,0.031699025,3.17E-05,64.00031813,4.000318127,64.00031817
0.066,0.114678464,0.000114678,0.026854268,2.69E-05,62.55966632,2.559666317,62.55966646
0.067,0.095757184,9.58E-05,0.022423469,2.24E-05,60.99345626,0.993456255,60.9934561
0.068,0.078520314,7.85E-05,0.01838711,1.84E-05,59.26966952,-0.730330477,59.26966957
0.069,0.062881856,6.29E-05,0.01472505,1.47E-05,57.34053594,-2.659464062,57.34053565
0.07,0.048754272,4.88E-05,0.011416793,1.14E-05,55.13028256,-4.869717443,55.13028262
0.071,0.036049452,3.60E-05,0.008441704,8.44E-06,52.50800221,-7.491997788,52.50800249
0.072,0.02467953,2.47E-05,0.005779208,5.78E-06,49.21676678,-10.78323322,49.2167666
0.073,0.014557604,1.46E-05,0.003408956,3.41E-06,44.631827,-15.368173,44.631828
0.074,0.005598326,5.60E-06,0.00131096,1.31E-06,36.33119197,-23.66880803,36.3311889
0.075,-0.002281593,-2.28E-06,-0.000534281,-5.34E-07,28.53479241,-31.46520759,28.53479469
0.076,-0.009162967,-9.16E-06,-0.002145693,-2.15E-06,40.61075164,-19.38924836,40.61075177
0.077,-0.015123806,-1.51E-05,-0.003541543,-3.54E-06,44.96325114,-15.03674886,44.96325047
0.078,-0.02023905,-2.02E-05,-0.00473938,-4.74E-06,47.49383126,-12.50616874,47.49383072
0.079,-0.024580366,-2.46E-05,-0.005755987,-5.76E-06,49.18179573,-10.81820427,49.18179617
0.08,-0.028216008,-2.82E-05,-0.006607345,-6.61E-06,50.37994024,-9.62005976,50.37993977
0.081,-0.031210717,-3.12E-05,-0.007308617,-7.31E-06,51.256104,-8.743896002,51.25610416
0.082,-0.033625672,-3.36E-05,-0.007874127,-7.87E-06,51.9034485,-8.096551503,51.90344839
0.083,-0.035518469,-3.55E-05,-0.008317364,-8.32E-06,52.37911378,-7.620886222,52.37911425
0.084,-0.036943141,-3.69E-05,-0.008650979,-8.65E-06,52.72070534,-7.279294661,52.72070524
0.085,-0.037950201,-3.80E-05,-0.008886802,-8.89E-06,52.95431047,-7.045689529,52.95431017
0.086,-0.038586707,-3.86E-05,-0.009035853,-9.04E-06,53.09878334,-6.901216662,53.09878323
0.087,-0.038896354,-3.89E-05,-0.009108363,-9.11E-06,53.16820677,-6.83179323,53.1682067
0.088,-0.038919569,-3.89E-05,-0.009113799,-9.11E-06,53.17338938,-6.826610624,53.17338901
0.089,-0.038693633,-3.87E-05,-0.009060892,-9.06E-06,53.12281903,-6.877180969,53.12281917
0.09,-0.038252801,-3.83E-05,-0.008957662,-8.96E-06,53.02329388,-6.976706122,53.02329351
0.091,-0.037628442,-3.76E-05,-0.008811456,-8.81E-06,52.88035366,-7.119646344,52.88035363
0.092,-0.036849169,-3.68E-05,-0.008628974,-8.63E-06,52.69858289,-7.301417109,52.6985833
0.093,-0.035940988,-3.59E-05,-0.008416305,-8.42E-06,52.48182926,-7.518170737,52.4818294
0.094,-0.034927441,-3.49E-05,-0.008178962,-8.18E-06,52.23336431,-7.766635691,52.2333639
0.095,-0.033829747,-3.38E-05,-0.007921915,-7.92E-06,51.956004,-8.043996,51.95600365
0.096,-0.03266695,-3.27E-05,-0.007649623,-7.65E-06,51.65220083,-8.347799167,51.65220073
0.097,-0.03145606,-3.15E-05,-0.007366069,-7.37E-06,51.32411532,-8.675884684,51.32411574
0.098,-0.030212187,-3.02E-05,-0.007074791,-7.07E-06,50.97367232,-9.026327677,50.97367238
0.099,-0.028948686,-2.89E-05,-0.006778917,-6.78E-06,50.60260617,-9.397393831,50.60260642
0.1,-0.02767728,-2.77E-05,-0.006481192,-6.48E-06,50.21249717,-9.787502834,50.21249783
0.101,-0.02640819,-2.64E-05,-0.006184009,-6.18E-06,49.80480168,-10.19519832,49.80480235
0.102,-0.025150256,-2.52E-05,-0.005889438,-5.89E-06,49.38087714,-10.61912286,49.38087717
0.103,-0.023911053,-2.39E-05,-0.005599254,-5.60E-06,48.94200317,-11.05799683,48.94200347
0.104,-0.022697004,-2.27E-05,-0.00531496,-5.31E-06,48.48939954,-11.51060046,48.48940009
0.105,-0.021513479,-2.15E-05,-0.005037813,-5.04E-06,48.0242417,-11.9757583,48.02424094
0.106,-0.020364899,-2.04E-05,-0.00476885,-4.77E-06,47.54767421,-12.45232579,47.54767333
0.107,-0.01925483,-1.93E-05,-0.004508905,-4.51E-06,47.06082252,-12.93917748,47.06082179
0.108,-0.018186064,-1.82E-05,-0.004258632,-4.26E-06,46.56480331,-13.43519669,46.56480235
0.109,-0.017160709,-1.72E-05,-0.004018525,-4.02E-06,46.06073345,-13.93926655,46.06073358
0.11,-0.016180258,-1.62E-05,-0.003788933,-3.79E-06,45.54973787,-14.45026213,45.5497386
0.111,-0.015245665,-1.52E-05,-0.003570079,-3.57E-06,45.03295622,-14.96704378,45.03295662
0.112,-0.014357406,-1.44E-05,-0.003362075,-3.36E-06,44.51154835,-15.48845165,44.51154803
0.113,-0.013515543,-1.35E-05,-0.003164936,-3.16E-06,43.98669864,-16.01330136,43.98669873
0.114,-0.012719777,-1.27E-05,-0.002978592,-2.98E-06,43.45961901,-16.54038099,43.45962046
0.115,-0.011969502,-1.20E-05,-0.002802899,-2.80E-06,42.93155053,-17.06844947,42.93154906
0.116,-0.011263847,-1.13E-05,-0.002637656,-2.64E-06,42.40376352,-17.59623648,42.40376318
0.117,-0.010601721,-1.06E-05,-0.002482606,-2.48E-06,41.87755597,-18.12244403,41.8775561
0.118,-0.009981851,-9.98E-06,-0.002337451,-2.34E-06,41.35425021,-18.64574979,41.3542504
0.119,-0.009402816,-9.40E-06,-0.002201858,-2.20E-06,40.83518759,-19.16481241,40.83518624
0.12,-0.008863079,-8.86E-06,-0.002075468,-2.08E-06,40.32172128,-19.67827872,40.32172092
0.121,-0.008361013,-8.36E-06,-0.001957899,-1.96E-06,39.81520691,-20.18479309,39.81520578
0.122,-0.007894927,-7.89E-06,-0.001848756,-1.85E-06,39.31699137,-20.68300863,39.31699202
0.123,-0.007463087,-7.46E-06,-0.001747632,-1.75E-06,38.8283996,-21.1716004,38.82839985
0.124,-0.007063737,-7.06E-06,-0.001654116,-1.65E-06,38.35071984,-21.64928016,38.35071934
0.125,-0.006695113,-6.70E-06,-0.001567795,-1.57E-06,37.88518756,-22.11481244,37.88518559
0.126,-0.00635546,-6.36E-06,-0.001488259,-1.49E-06,37.43296848,-22.56703152,37.43297044
0.127,-0.006043042,-6.04E-06,-0.0014151,-1.42E-06,36.99514133,-23.00485867,36.99514271
0.128,-0.005756157,-5.76E-06,-0.00134792,-1.35E-06,36.57268092,-23.42731908,36.57268243
0.129,-0.00549314,-5.49E-06,-0.001286329,-1.29E-06,36.16644213,-23.83355787,36.1664413
0.13,-0.005252376,-5.25E-06,-0.00122995,-1.23E-06,35.77714573,-24.22285427,35.77714922
0.131,-0.005032304,-5.03E-06,-0.001178415,-1.18E-06,35.40536643,-24.59463357,35.40536533
0.132,-0.00483142,-4.83E-06,-0.001131374,-1.13E-06,35.05152399,-24.94847601,35.05152397
0.133,-0.004648282,-4.65E-06,-0.001088489,-1.09E-06,34.71587769,-25.28412231,34.71588098
0.134,-0.004481514,-4.48E-06,-0.001049437,-1.05E-06,34.39852451,-25.60147549,34.39852753
0.135,-0.004329808,-4.33E-06,-0.001013912,-1.01E-06,34.09940117,-25.90059883,34.09940535
0.136,-0.004191921,-4.19E-06,-0.000981622,-9.82E-07,33.81828993,-26.18171007,33.81828575
0.137,-0.004066679,-4.07E-06,-0.000952295,-9.52E-07,33.55482779,-26.44517221,33.55483017
0.138,-0.003952979,-3.95E-06,-0.000925669,-9.26E-07,33.30851879,-26.69148121,33.30851448
0.139,-0.003849781,-3.85E-06,-0.000901504,-9.02E-07,33.0787488,-26.9212512,33.07875325
0.14,-0.003756113,-3.76E-06,-0.000879569,-8.80E-07,32.86480197,-27.13519803,32.86479838
0.141,-0.003671068,-3.67E-06,-0.000859654,-8.60E-07,32.66587851,-27.33412149,32.66587385
0.142,-0.003593802,-3.59E-06,-0.000841561,-8.42E-07,32.4811127,-27.5188873,32.48111211
0.143,-0.003523531,-3.52E-06,-0.000825106,-8.25E-07,32.30959091,-27.69040909,32.30959499
0.144,-0.003459529,-3.46E-06,-0.000810118,-8.10E-07,32.1503687,-27.8496313,32.15036572
0.145,-0.003401127,-3.40E-06,-0.000796442,-7.96E-07,32.00248688,-27.99751312,32.00248317
0.146,-0.00334771,-3.35E-06,-0.000783934,-7.84E-07,31.86498598,-28.13501402,31.8649901
0.147,-0.003298713,-3.30E-06,-0.00077246,-7.72E-07,31.73691903,-28.26308097,31.73692008
0.148,-0.003253619,-3.25E-06,-0.0007619,-7.62E-07,31.61736243,-28.38263757,31.61735956
0.149,-0.003211958,-3.21E-06,-0.000752144,-7.52E-07,31.50542503,-28.49457497,31.50541999
0.15,-0.003173301,-3.17E-06,-0.000743092,-7.43E-07,31.40025526,-28.59974474,31.4002518
0.151,-0.003137263,-3.14E-06,-0.000734653,-7.35E-07,31.30104669,-28.69895331,31.30104521
0.152,-0.003103492,-3.10E-06,-0.000726745,-7.27E-07,31.20704187,-28.79295813,31.20704114
0.153,-0.003071675,-3.07E-06,-0.000719294,-7.19E-07,31.11753484,-28.88246516,31.11752884
0.154,-0.00304153,-3.04E-06,-0.000712236,-7.12E-07,31.03187242,-28.96812758,31.03187851
0.155,-0.003012807,-3.01E-06,-0.000705509,-7.06E-07,30.94945445,-29.05054555,30.94945125
0.156,-0.002985281,-2.99E-06,-0.000699064,-6.99E-07,30.86973319,-29.13026681,30.86973884
0.157,-0.002958756,-2.96E-06,-0.000692852,-6.93E-07,30.79221199,-29.20778801,30.79220959
0.158,-0.002933059,-2.93E-06,-0.000686835,-6.87E-07,30.71644353,-29.28355647,30.71644845
0.159,-0.002908037,-2.91E-06,-0.000680975,-6.81E-07,30.64202749,-29.35797251,30.64202345
0.16,-0.00288356,-2.88E-06,-0.000675243,-6.75E-07,30.56860814,-29.43139186,30.5686019
0.161,-0.002859513,-2.86E-06,-0.000669613,-6.70E-07,30.49587157,-29.50412843,30.49587762
0.162,-0.002835801,-2.84E-06,-0.00066406,-6.64E-07,30.42354294,-29.57645706,30.42354651
0.163,-0.002812339,-2.81E-06,-0.000658566,-6.59E-07,30.35138359,-29.64861641,30.3513862
0.164,-0.002789061,-2.79E-06,-0.000653115,-6.53E-07,30.27918828,-29.72081172,30.27919325
0.165,-0.002765908,-2.77E-06,-0.000647693,-6.48E-07,30.20678239,-29.79321761,30.20678415
0.166,-0.002742834,-2.74E-06,-0.00064229,-6.42E-07,30.13401924,-29.86598076,30.13402329
0.167,-0.002719803,-2.72E-06,-0.000636897,-6.37E-07,30.06077757,-29.93922243,30.06078415
0.168,-0.002696786,-2.70E-06,-0.000631507,-6.32E-07,29.98695907,-30.01304093,29.98696346
0.169,-0.002673763,-2.67E-06,-0.000626115,-6.26E-07,29.91248611,-30.08751389,29.91248226
0.17,-0.002650718,-2.65E-06,-0.000620719,-6.21E-07,29.83729956,-30.16270044,29.83730087
0.171,-0.002627643,-2.63E-06,-0.000615315,-6.15E-07,29.76135681,-30.23864319,29.76135013
0.172,-0.002604534,-2.60E-06,-0.000609904,-6.10E-07,29.68462988,-30.31537012,29.68462972
0.173,-0.002581391,-2.58E-06,-0.000604485,-6.04E-07,29.60710371,-30.39289629,29.60711066
0.174,-0.002558216,-2.56E-06,-0.000599058,-5.99E-07,29.52877456,-30.47122544,29.52877753
0.175,-0.002535018,-2.54E-06,-0.000593625,-5.94E-07,29.44964857,-30.55035143,29.44964374
0.176,-0.002511803,-2.51E-06,-0.000588189,-5.88E-07,29.36974039,-30.63025961,29.36973805
0.177,-0.002488583,-2.49E-06,-0.000582752,-5.83E-07,29.28907196,-30.71092804,29.28907554
0.178,-0.00246537,-2.47E-06,-0.000577316,-5.77E-07,29.20767145,-30.79232855,29.20767196
0.179,-0.002442177,-2.44E-06,-0.000571885,-5.72E-07,29.12557217,-30.87442783,29.1255742
0.18,-0.002419018,-2.42E-06,-0.000566462,-5.66E-07,29.04281172,-30.95718828,29.04281571
0.181,-0.002395908,-2.40E-06,-0.00056105,-5.61E-07,28.95943116,-31.04056884,28.95943142
0.182,-0.002372861,-2.37E-06,-0.000555653,-5.56E-07,28.8754742,-31.1245258,28.87547336
0.183,-0.002349892,-2.35E-06,-0.000550274,-5.50E-07,28.79098663,-31.20901337,28.79097995
0.184,-0.002327016,-2.33E-06,-0.000544918,-5.45E-07,28.70601566,-31.29398434,28.70602317
0.185,-0.002304247,-2.30E-06,-0.000539586,-5.40E-07,28.6206094,-31.3793906,28.62061355
0.186,-0.002281599,-2.28E-06,-0.000534282,-5.34E-07,28.53481641,-31.46518359,28.53481095
0.187,-0.002259086,-2.26E-06,-0.00052901,-5.29E-07,28.44868526,-31.55131474,28.44867772
0.188,-0.002236721,-2.24E-06,-0.000523773,-5.24E-07,28.36226419,-31.63773581,28.36226223
0.189,-0.002214515,-2.21E-06,-0.000518573,-5.19E-07,28.27560078,-31.72439922,28.27559811
0.19,-0.00219248,-2.19E-06,-0.000513413,-5.13E-07,28.18874165,-31.81125835,28.18873731
0.191,-0.002170627,-2.17E-06,-0.000508296,-5.08E-07,28.10173229,-31.89826771,28.10173393
0.192,-0.002148965,-2.15E-06,-0.000503223,-5.03E-07,28.01461681,-31.98538319,28.01460974
0.193,-0.002127504,-2.13E-06,-0.000498198,-4.98E-07,27.92743776,-32.07256224,27.92743968
0.194,-0.002106252,-2.11E-06,-0.000493221,-4.93E-07,27.84023605,-32.15976395,27.84023127
0.195,-0.002085216,-2.09E-06,-0.000488295,-4.88E-07,27.75305081,-32.24694919,27.75304563
0.196,-0.002064403,-2.06E-06,-0.000483421,-4.83E-07,27.66591929,-32.33408071,27.66591033
0.197,-0.002043819,-2.04E-06,-0.000478601,-4.79E-07,27.57887682,-32.42112318,27.57887212
0.198,-0.002023468,-2.02E-06,-0.000473836,-4.74E-07,27.49195677,-32.50804323,27.49196116
0.199,-0.002003356,-2.00E-06,-0.000469126,-4.69E-07,27.40519051,-32.59480949,27.40519015
0.2,-0.001983485,-1.98E-06,-0.000464473,-4.64E-07,27.31860742,-32.68139258,27.31860955
0.201,-0.001963859,-1.96E-06,-0.000459877,-4.60E-07,27.23223489,-32.76776511,27.23223388
0.202,-0.00194448,-1.94E-06,-0.000455339,-4.55E-07,27.14609831,-32.85390169,27.14609708
0.203,-0.00192535,-1.93E-06,-0.000450859,-4.51E-07,27.06022116,-32.93977884,27.06021496
0.204,-0.001906469,-1.91E-06,-0.000446438,-4.46E-07,26.97462501,-33.02537499,26.97462316
0.205,-0.001887839,-1.89E-06,-0.000442076,-4.42E-07,26.88932956,-33.11067044,26.88933885
0.206,-0.00186946,-1.87E-06,-0.000437772,-4.38E-07,26.80435273,-33.19564727,26.8043597
0.207,-0.001851331,-1.85E-06,-0.000433526,-4.34E-07,26.7197107,-33.2802893,26.71970306
0.208,-0.001833452,-1.83E-06,-0.00042934,-4.29E-07,26.63541798,-33.36458202,26.63542713
0.209,-0.001815821,-1.82E-06,-0.000425211,-4.25E-07,26.55148747,-33.44851253,26.55148991
0.21,-0.001798436,-1.80E-06,-0.00042114,-4.21E-07,26.46793056,-33.53206944,26.46792994
0.211,-0.001781297,-1.78E-06,-0.000417127,-4.17E-07,26.38475717,-33.61524283,26.38476613
0.212,-0.001764401,-1.76E-06,-0.00041317,-4.13E-07,26.30197588,-33.69802412,26.30197569
0.213,-0.001747746,-1.75E-06,-0.00040927,-4.09E-07,26.21959393,-33.78040607,26.21959832
0.214,-0.001731328,-1.73E-06,-0.000405425,-4.05E-07,26.13761737,-33.86238263,26.13761059
0.215,-0.001715146,-1.72E-06,-0.000401636,-4.02E-07,26.05605112,-33.94394888,26.05605275
0.216,-0.001699196,-1.70E-06,-0.000397901,-3.98E-07,25.974899,-34.025101,25.9749007
0.217,-0.001683475,-1.68E-06,-0.00039422,-3.94E-07,25.89416387,-34.10583613,25.89417316
0.218,-0.00166798,-1.67E-06,-0.000390591,-3.91E-07,25.81384768,-34.18615232,25.81384473
0.219,-0.001652708,-1.65E-06,-0.000387015,-3.87E-07,25.73395151,-34.26604849,25.73395604
0.22,-0.001637655,-1.64E-06,-0.00038349,-3.83E-07,25.6544757,-34.3455243,25.65448096
0.221,-0.001622817,-1.62E-06,-0.000380015,-3.80E-07,25.57541986,-34.42458014,25.57541488
0.222,-0.001608191,-1.61E-06,-0.00037659,-3.77E-07,25.49678297,-34.50321703,25.49677576
0.223,-0.001593774,-1.59E-06,-0.000373214,-3.73E-07,25.41856342,-34.58143658,25.41855862
0.224,-0.001579561,-1.58E-06,-0.000369886,-3.70E-07,25.3407591,-34.6592409,25.34075796
0.225,-0.00156555,-1.57E-06,-0.000366605,-3.67E-07,25.26336742,-34.73663258,25.26336776
0.226,-0.001551736,-1.55E-06,-0.00036337,-3.63E-07,25.18638537,-34.81361463,25.18638146
0.227,-0.001538116,-1.54E-06,-0.000360181,-3.60E-07,25.1098096,-34.8901904,25.10981608
0.228,-0.001524686,-1.52E-06,-0.000357036,-3.57E-07,25.03363643,-34.96636357,25.03364025
0.229,-0.001511443,-1.51E-06,-0.000353935,-3.54E-07,24.95786191,-35.04213809,24.95787031
0.23,-0.001498382,-1.50E-06,-0.000350876,-3.51E-07,24.88248187,-35.11751813,24.88247335
0.231,-0.001485502,-1.49E-06,-0.00034786,-3.48E-07,24.80749192,-35.19250808,24.80748994
0.232,-0.001472797,-1.47E-06,-0.000344885,-3.45E-07,24.73288754,-35.26711246,24.73288621
0.233,-0.001460265,-1.46E-06,-0.00034195,-3.42E-07,24.65866408,-35.34133592,24.65865225
0.234,-0.001447903,-1.45E-06,-0.000339056,-3.39E-07,24.58481676,-35.41518324,24.58482877
0.235,-0.001435706,-1.44E-06,-0.000336199,-3.36E-07,24.51134078,-35.48865922,24.51132843
0.236,-0.001423673,-1.42E-06,-0.000333382,-3.33E-07,24.43823127,-35.56176873,24.43824304
0.237,-0.001411799,-1.41E-06,-0.000330601,-3.31E-07,24.36548332,-35.63451668,24.36548334
0.238,-0.001400081,-1.40E-06,-0.000327857,-3.28E-07,24.29309205,-35.70690795,24.2930893
0.239,-0.001388517,-1.39E-06,-0.000325149,-3.25E-07,24.22105257,-35.77894743,24.22104854
0.24,-0.001377103,-1.38E-06,-0.000322476,-3.22E-07,24.14936003,-35.85063997,24.14934805
0.241,-0.001365838,-1.37E-06,-0.000319838,-3.20E-07,24.07800963,-35.92199037,24.07800131
0.242,-0.001354716,-1.35E-06,-0.000317234,-3.17E-07,24.00699661,-35.99300339,24.00699463
0.243,-0.001343737,-1.34E-06,-0.000314663,-3.15E-07,23.93631628,-36.06368372,23.93631367
0.244,-0.001332898,-1.33E-06,-0.000312125,-3.12E-07,23.86596405,-36.13403595,23.86597119
0.245,-0.001322194,-1.32E-06,-0.000309618,-3.10E-07,23.79593538,-36.20406462,23.79592411
0.246,-0.001311625,-1.31E-06,-0.000307143,-3.07E-07,23.72622583,-36.27377417,23.72621252
0.247,-0.001301188,-1.30E-06,-0.000304699,-3.05E-07,23.65683107,-36.34316893,23.65682066
0.248,-0.00129088,-1.29E-06,-0.000302286,-3.02E-07,23.58774685,-36.41225315,23.58776076
0.249,-0.001280699,-1.28E-06,-0.000299901,-3.00E-07,23.51896904,-36.48103096,23.51895836
0.25,-0.001270642,-1.27E-06,-0.000297546,-2.98E-07,23.45049359,-36.54950641,23.45048241
0.251,-0.001260708,-1.26E-06,-0.00029522,-2.95E-07,23.38231658,-36.61768342,23.3823156
0.252,-0.001250893,-1.25E-06,-0.000292922,-2.93E-07,23.31443417,-36.68556583,23.3144399
0.253,-0.001241197,-1.24E-06,-0.000290651,-2.91E-07,23.24684264,-36.75315736,23.24683652
0.254,-0.001231616,-1.23E-06,-0.000288408,-2.88E-07,23.17953839,-36.82046161,23.17954614
0.255,-0.00122215,-1.22E-06,-0.000286191,-2.86E-07,23.1125179,-36.8874821,23.11251953
0.256,-0.001212795,-1.21E-06,-0.000284,-2.84E-07,23.04577777,-36.95422223,23.04576689
0.257,-0.00120355,-1.20E-06,-0.000281836,-2.82E-07,22.97931468,-37.02068532,22.97932942
0.258,-0.001194414,-1.19E-06,-0.000279696,-2.80E-07,22.91312543,-37.08687457,22.9131252
0.259,-0.001185384,-1.19E-06,-0.000277581,-2.78E-07,22.84720691,-37.15279309,22.84719481
0.26,-0.001176458,-1.18E-06,-0.000275491,-2.75E-07,22.78155609,-37.21844391,22.7815484
0.261,-0.001167635,-1.17E-06,-0.000273425,-2.73E-07,22.71617005,-37.28382995,22.7161645
0.262,-0.001158913,-1.16E-06,-0.000271383,-2.71E-07,22.65104595,-37.34895405,22.65105287
0.263,-0.001150291,-1.15E-06,-0.000269364,-2.69E-07,22.58618104,-37.41381896,22.58619114
0.264,-0.001141766,-1.14E-06,-0.000267368,-2.67E-07,22.52157263,-37.47842737,22.52158863
0.265,-0.001133338,-1.13E-06,-0.000265394,-2.65E-07,22.45721813,-37.54278187,22.45722209
0.266,-0.001125005,-1.13E-06,-0.000263442,-2.63E-07,22.39311503,-37.60688497,22.39310038
0.267,-0.001116764,-1.12E-06,-0.000261513,-2.62E-07,22.32926087,-37.67073913,22.32926574
0.268,-0.001108616,-1.11E-06,-0.000259605,-2.60E-07,22.26565326,-37.73434674,22.26566114
0.269,-0.001100558,-1.10E-06,-0.000257718,-2.58E-07,22.2022899,-37.7977101,22.20229513
0.27,-0.001092589,-1.09E-06,-0.000255852,-2.56E-07,22.13916854,-37.86083146,22.13917641
0.271,-0.001084708,-1.08E-06,-0.000254006,-2.54E-07,22.07628697,-37.92371303,22.0762796
0.272,-0.001076913,-1.08E-06,-0.000252181,-2.52E-07,22.01364306,-37.98635694,22.01364734
0.273,-0.001069203,-1.07E-06,-0.000250375,-2.50E-07,21.95123472,-38.04876528,21.95121933
0.274,-0.001061577,-1.06E-06,-0.00024859,-2.49E-07,21.88905993,-38.11094007,21.88907317
0.275,-0.001054033,-1.05E-06,-0.000246823,-2.47E-07,21.8271167,-38.1728833,21.82711262
0.276,-0.001046571,-1.05E-06,-0.000245076,-2.45E-07,21.76540309,-38.23459691,21.76541575
0.277,-0.001039189,-1.04E-06,-0.000243347,-2.43E-07,21.7039172,-38.2960828,21.70392002
0.278,-0.001031885,-1.03E-06,-0.000241637,-2.42E-07,21.64265718,-38.35734282,21.64266879
0.279,-0.00102466,-1.02E-06,-0.000239945,-2.40E-07,21.58162121,-38.41837879,21.58163418
0.28,-0.001017511,-1.02E-06,-0.000238271,-2.38E-07,21.52080752,-38.47919248,21.52082384
0.281,-0.001010437,-1.01E-06,-0.000236614,-2.37E-07,21.46021435,-38.53978565,21.46020884
0.282,-0.001003438,-1.00E-06,-0.000234975,-2.35E-07,21.39984,-38.60016,21.39983325
0.283,-0.000996512,-9.97E-07,-0.000233353,-2.33E-07,21.33968278,-38.66031722,21.33966786
0.284,-0.000989659,-9.90E-07,-0.000231749,-2.32E-07,21.27974104,-38.72025896,21.27975746
0.285,-0.000982877,-9.83E-07,-0.00023016,-2.30E-07,21.22001317,-38.77998683,21.21999706
0.286,-0.000976165,-9.76E-07,-0.000228589,-2.29E-07,21.16049756,-38.83950244,21.16050664
0.287,-0.000969523,-9.70E-07,-0.000227033,-2.27E-07,21.10119264,-38.89880736,21.10117985
0.288,-0.000962949,-9.63E-07,-0.000225494,-2.25E-07,21.04209686,-38.95790314,21.0420999
0.289,-0.000956443,-9.56E-07,-0.00022397,-2.24E-07,20.9832087,-39.0167913,20.98319709
0.29,-0.000950003,-9.50E-07,-0.000222462,-2.22E-07,20.92452666,-39.07547334,20.92451683
0.291,-0.000943628,-9.44E-07,-0.00022097,-2.21E-07,20.86604924,-39.13395076,20.8660664
0.292,-0.000937319,-9.37E-07,-0.000219492,-2.19E-07,20.80777499,-39.19222501,20.807774
0.293,-0.000931073,-9.31E-07,-0.000218029,-2.18E-07,20.74970246,-39.25029754,20.74968534
0.294,-0.00092489,-9.25E-07,-0.000216582,-2.17E-07,20.69183023,-39.30816977,20.69184728
0.295,-0.000918769,-9.19E-07,-0.000215148,-2.15E-07,20.63415688,-39.36584312,20.63414635
0.296,-0.00091271,-9.13E-07,-0.000213729,-2.14E-07,20.57668102,-39.42331898,20.57666916
0.297,-0.00090671,-9.07E-07,-0.000212324,-2.12E-07,20.51940128,-39.48059872,20.51938183
0.298,-0.000900771,-9.01E-07,-0.000210934,-2.11E-07,20.4623163,-39.5376837,20.46233185
0.299,-0.00089489,-8.95E-07,-0.000209557,-2.10E-07,20.40542472,-39.59457528,20.40544354
0.3,-0.000889068,-8.89E-07,-0.000208193,-2.08E-07,20.34872522,-39.65127478,20.34872255
0.301,-0.000883302,-8.83E-07,-0.000206843,-2.07E-07,20.29221647,-39.70778353,20.29221665
0.302,-0.000877594,-8.78E-07,-0.000205506,-2.06E-07,20.23589719,-39.76410281,20.23589021
0.303,-0.000871941,-8.72E-07,-0.000204182,-2.04E-07,20.17976606,-39.82023394,20.17974916
0.304,-0.000866343,-8.66E-07,-0.000202872,-2.03E-07,20.12382182,-39.87617818,20.1238423
0.305,-0.000860799,-8.61E-07,-0.000201573,-2.02E-07,20.0680632,-39.9319368,20.06804728
0.306,-0.000855309,-8.55E-07,-0.000200288,-2.00E-07,20.01248896,-39.98751104,20.01249868
0.307,-0.000849872,-8.50E-07,-0.000199015,-1.99E-07,19.95709783,-40.04290217,19.95711631
0.308,-0.000844487,-8.44E-07,-0.000197754,-1.98E-07,19.90188861,-40.09811139,19.90190562
0.309,-0.000839154,-8.39E-07,-0.000196505,-1.97E-07,19.84686007,-40.15313993,19.84687219
0.31,-0.000833871,-8.34E-07,-0.000195268,-1.95E-07,19.79201101,-40.20798899,19.79202165
0.311,-0.000828639,-8.29E-07,-0.000194043,-1.94E-07,19.73734023,-40.26265977,19.73735969
0.312,-0.000823457,-8.23E-07,-0.000192829,-1.93E-07,19.68284655,-40.31715345,19.68284707
0.313,-0.000818323,-8.18E-07,-0.000191627,-1.92E-07,19.6285288,-40.3714712,19.6285341
0.314,-0.000813238,-8.13E-07,-0.000190436,-1.90E-07,19.57438582,-40.42561418,19.5743811
0.315,-0.000808201,-8.08E-07,-0.000189257,-1.89E-07,19.52041646,-40.47958354,19.52043912
0.316,-0.000803211,-8.03E-07,-0.000188088,-1.88E-07,19.46661958,-40.53338042,19.46662186
0.317,-0.000798267,-7.98E-07,-0.00018693,-1.87E-07,19.41299405,-40.58700595,19.41298021
0.318,-0.000793369,-7.93E-07,-0.000185783,-1.86E-07,19.35953876,-40.64046124,19.35951952
0.319,-0.000788517,-7.89E-07,-0.000184647,-1.85E-07,19.30625259,-40.69374741,19.30624521
0.32,-0.00078371,-7.84E-07,-0.000183521,-1.84E-07,19.25313446,-40.74686554,19.25311543
0.321,-0.000778947,-7.79E-07,-0.000182406,-1.82E-07,19.20018326,-40.79981674,19.20018248
0.322,-0.000774227,-7.74E-07,-0.000181301,-1.81E-07,19.14739794,-40.85260206,19.14740408
0.323,-0.000769551,-7.70E-07,-0.000180206,-1.80E-07,19.09477741,-40.90522259,19.09478502
0.324,-0.000764917,-7.65E-07,-0.000179121,-1.79E-07,19.04232063,-40.95767937,19.04233019
0.325,-0.000760326,-7.60E-07,-0.000178046,-1.78E-07,18.99002654,-41.00997346,18.99004451
0.326,-0.000755776,-7.56E-07,-0.00017698,-1.77E-07,18.93789411,-41.06210589,18.9378839
0.327,-0.000751268,-7.51E-07,-0.000175924,-1.76E-07,18.88592231,-41.11407769,18.88590191
0.328,-0.0007468,-7.47E-07,-0.000174878,-1.75E-07,18.83411013,-41.16588987,18.83410364
0.329,-0.000742372,-7.42E-07,-0.000173841,-1.74E-07,18.78245655,-41.21754345,18.78244432
0.33,-0.000737983,-7.38E-07,-0.000172814,-1.73E-07,18.73096057,-41.26903943,18.73097854
0.331,-0.000733634,-7.34E-07,-0.000171795,-1.72E-07,18.67962121,-41.32037879,18.67961048
0.332,-0.000729324,-7.29E-07,-0.000170786,-1.71E-07,18.62843749,-41.37156251,18.62844543
0.333,-0.000725052,-7.25E-07,-0.000169785,-1.70E-07,18.57740843,-41.42259157,18.57738647
0.334,-0.000720817,-7.21E-07,-0.000168794,-1.69E-07,18.52653307,-41.47346693,18.52654019
0.335,-0.00071662,-7.17E-07,-0.000167811,-1.68E-07,18.47581046,-41.52418954,18.47580859
0.336,-0.00071246,-7.12E-07,-0.000166837,-1.67E-07,18.42523966,-41.57476034,18.42524753
0.337,-0.000708336,-7.08E-07,-0.000165871,-1.66E-07,18.37481972,-41.62518028,18.37480935
0.338,-0.000704249,-7.04E-07,-0.000164914,-1.65E-07,18.32454973,-41.67545027,18.3245506
0.339,-0.000700197,-7.00E-07,-0.000163965,-1.64E-07,18.27442876,-41.72557124,18.27442315
0.34,-0.00069618,-6.96E-07,-0.000163024,-1.63E-07,18.22445591,-41.77554409,18.22443098
0.341,-0.000692198,-6.92E-07,-0.000162092,-1.62E-07,18.17463027,-41.82536973,18.1746317
0.342,-0.00068825,-6.88E-07,-0.000161168,-1.61E-07,18.12495096,-41.87504904,18.12497642
0.343,-0.000684336,-6.84E-07,-0.000160251,-1.60E-07,18.07541708,-41.92458292,18.07541505
0.344,-0.000680456,-6.80E-07,-0.000159342,-1.59E-07,18.02602776,-41.97397224,18.02600537
0.345,-0.000676609,-6.77E-07,-0.000158442,-1.58E-07,17.97678214,-42.02321786,17.9768064
0.346,-0.000672795,-6.73E-07,-0.000157548,-1.58E-07,17.92767935,-42.07232065,17.92765797
0.347,-0.000669013,-6.69E-07,-0.000156663,-1.57E-07,17.87871854,-42.12128146,17.87872886
0.348,-0.000665263,-6.65E-07,-0.000155785,-1.56E-07,17.82989886,-42.17010114,17.82991286
0.349,-0.000661545,-6.62E-07,-0.000154914,-1.55E-07,17.78121949,-42.21878051,17.78121344
0.35,-0.000657859,-6.58E-07,-0.000154051,-1.54E-07,17.73267959,-42.26732041,17.73269052
0.351,-0.000654203,-6.54E-07,-0.000153195,-1.53E-07,17.68427835,-42.31572165,17.68429191
0.352,-0.000650578,-6.51E-07,-0.000152346,-1.52E-07,17.63601494,-42.36398506,17.6360212
0.353,-0.000646983,-6.47E-07,-0.000151504,-1.52E-07,17.58788855,-42.41211145,17.58788207
0.354,-0.000643418,-6.43E-07,-0.000150669,-1.51E-07,17.53989841,-42.46010159,17.5398782
0.355,-0.000639883,-6.40E-07,-0.000149842,-1.50E-07,17.4920437,-42.5079563,17.49207131
0.356,-0.000636377,-6.36E-07,-0.000149021,-1.49E-07,17.44432365,-42.55567635,17.44434955
0.357,-0.0006329,-6.33E-07,-0.000148206,-1.48E-07,17.39673747,-42.60326253,17.39671581
0.358,-0.000629452,-6.29E-07,-0.000147399,-1.47E-07,17.34928441,-42.65071559,17.34929083
0.359,-0.000626032,-6.26E-07,-0.000146598,-1.47E-07,17.30196369,-42.69803631,17.30196099
0.36,-0.00062264,-6.23E-07,-0.000145804,-1.46E-07,17.25477456,-42.74522544,17.25478886
0.361,-0.000619276,-6.19E-07,-0.000145016,-1.45E-07,17.20771626,-42.79228374,17.20771852
0.362,-0.000615939,-6.16E-07,-0.000144235,-1.44E-07,17.16078806,-42.83921194,17.16081326
0.363,-0.00061263,-6.13E-07,-0.00014346,-1.43E-07,17.11398922,-42.88601078,17.11401662
0.364,-0.000609347,-6.09E-07,-0.000142691,-1.43E-07,17.067319,-42.932681,17.06733172
0.365,-0.00060609,-6.06E-07,-0.000141928,-1.42E-07,17.02077669,-42.97922331,17.02076174
0.366,-0.00060286,-6.03E-07,-0.000141172,-1.41E-07,16.97436156,-43.02563844,16.97437144
0.367,-0.000599656,-6.00E-07,-0.000140422,-1.40E-07,16.92807291,-43.07192709,16.92810317
0.368,-0.000596477,-5.96E-07,-0.000139677,-1.40E-07,16.88191002,-43.11808998,16.88189806
0.369,-0.000593324,-5.93E-07,-0.000138939,-1.39E-07,16.83587221,-43.16412779,16.83588346
0.37,-0.000590196,-5.90E-07,-0.000138206,-1.38E-07,16.78995877,-43.21004123,16.78993804
0.371,-0.000587093,-5.87E-07,-0.00013748,-1.37E-07,16.74416903,-43.25583097,16.74419056
0.372,-0.000584015,-5.84E-07,-0.000136759,-1.37E-07,16.69850229,-43.30149771,16.69851842
0.373,-0.00058096,-5.81E-07,-0.000136044,-1.36E-07,16.65295788,-43.34704212,16.65298794
0.374,-0.00057793,-5.78E-07,-0.000135334,-1.35E-07,16.60753514,-43.39246486,16.60753845
0.375,-0.000574924,-5.75E-07,-0.00013463,-1.35E-07,16.5622334,-43.4377666,16.562237
0.376,-0.000571941,-5.72E-07,-0.000133931,-1.34E-07,16.517052,-43.482948,16.51702232
0.377,-0.000568981,-5.69E-07,-0.000133238,-1.33E-07,16.47199029,-43.52800971,16.47196219
0.378,-0.000566045,-5.66E-07,-0.000132551,-1.33E-07,16.42704762,-43.57295238,16.42706026
0.379,-0.000563131,-5.63E-07,-0.000131869,-1.32E-07,16.38222335,-43.61777665,16.38225434
0.38,-0.00056024,-5.60E-07,-0.000131192,-1.31E-07,16.33751684,-43.66248316,16.33754714
0.381,-0.000557372,-5.57E-07,-0.00013052,-1.31E-07,16.29292746,-43.70707254,16.29294139
0.382,-0.000554525,-5.55E-07,-0.000129853,-1.30E-07,16.24845459,-43.75154541,16.24843984
0.383,-0.000551701,-5.52E-07,-0.000129192,-1.29E-07,16.20409761,-43.79590239,16.20411252
0.384,-0.000548898,-5.49E-07,-0.000128535,-1.29E-07,16.15985589,-43.84014411,16.15982812
0.385,-0.000546116,-5.46E-07,-0.000127884,-1.28E-07,16.11572884,-43.88427116,16.11572432
0.386,-0.000543356,-5.43E-07,-0.000127238,-1.27E-07,16.07171583,-43.92828417,16.07173677
0.387,-0.000540617,-5.41E-07,-0.000126596,-1.27E-07,16.02781628,-43.97218372,16.02779976
0.388,-0.000537898,-5.38E-07,-0.00012596,-1.26E-07,15.98402958,-44.01597042,15.98405313
0.389,-0.0005352,-5.35E-07,-0.000125328,-1.25E-07,15.94035515,-44.05964485,15.94036227
0.39,-0.000532523,-5.33E-07,-0.000124701,-1.25E-07,15.89679239,-44.10320761,15.89679881
0.391,-0.000529865,-5.30E-07,-0.000124079,-1.24E-07,15.85334074,-44.14665926,15.85336578
0.392,-0.000527228,-5.27E-07,-0.000123461,-1.23E-07,15.8099996,-44.1900004,15.80999589
0.393,-0.00052461,-5.25E-07,-0.000122848,-1.23E-07,15.76676841,-44.23323159,15.7667619
0.394,-0.000522012,-5.22E-07,-0.00012224,-1.22E-07,15.7236466,-44.2763534,15.72366691
0.395,-0.000519434,-5.19E-07,-0.000121636,-1.22E-07,15.68063361,-44.31936639,15.68064269
0.396,-0.000516874,-5.17E-07,-0.000121037,-1.21E-07,15.63772887,-44.36227113,15.6377631
0.397,-0.000514334,-5.14E-07,-0.000120442,-1.20E-07,15.59493184,-44.40506816,15.59495926
0.398,-0.000511812,-5.12E-07,-0.000119851,-1.20E-07,15.55224196,-44.44775804,15.55223333
0.399,-0.000509309,-5.09E-07,-0.000119265,-1.19E-07,15.50965869,-44.49034131,15.50966034
0.4,-0.000506825,-5.07E-07,-0.000118683,-1.19E-07,15.46718148,-44.53281852,15.4671704
0.401,-0.000504358,-5.04E-07,-0.000118106,-1.18E-07,15.4248098,-44.5751902,15.42483931
0.402,-0.00050191,-5.02E-07,-0.000117532,-1.18E-07,15.38254312,-44.61745688,15.38252262
0.403,-0.000499479,-4.99E-07,-0.000116963,-1.17E-07,15.34038091,-44.65961909,15.34037007
0.404,-0.000497067,-4.97E-07,-0.000116398,-1.16E-07,15.29832263,-44.70167737,15.29831045
0.405,-0.000494672,-4.95E-07,-0.000115837,-1.16E-07,15.25636778,-44.74363222,15.25634612
0.406,-0.000492294,-4.92E-07,-0.00011528,-1.15E-07,15.21451583,-44.78548417,15.21447944
0.407,-0.000489933,-4.90E-07,-0.000114728,-1.15E-07,15.17276627,-44.82723373,15.17278854
0.408,-0.00048759,-4.88E-07,-0.000114179,-1.14E-07,15.1311186,-44.8688814,15.13112479
0.409,-0.000485263,-4.85E-07,-0.000113634,-1.14E-07,15.0895723,-44.9104277,15.08956598
0.41,-0.000482953,-4.83E-07,-0.000113093,-1.13E-07,15.04812688,-44.95187312,15.04811458
0.411,-0.00048066,-4.81E-07,-0.000112556,-1.13E-07,15.00678184,-44.99321816,15.0067731
0.412,-0.000478383,-4.78E-07,-0.000112023,-1.12E-07,14.96553668,-45.03446332,14.96554407
0.413,-0.000476122,-4.76E-07,-0.000111493,-1.11E-07,14.92439091,-45.07560909,14.92435211
0.414,-0.000473877,-4.74E-07,-0.000110968,-1.11E-07,14.88334406,-45.11665594,14.88335526
0.415,-0.000471648,-4.72E-07,-0.000110446,-1.10E-07,14.84239563,-45.15760437,14.84239992
0.416,-0.000469435,-4.69E-07,-0.000109928,-1.10E-07,14.80154515,-45.19845485,14.80156662
0.417,-0.000467238,-4.67E-07,-0.000109413,-1.09E-07,14.76079213,-45.23920787,14.76077861
0.418,-0.000465056,-4.65E-07,-0.000108902,-1.09E-07,14.72013612,-45.27986388,14.7201172
0.419,-0.00046289,-4.63E-07,-0.000108395,-1.08E-07,14.67957664,-45.32042336,14.67958508
0.42,-0.000460738,-4.61E-07,-0.000107891,-1.08E-07,14.63911322,-45.36088678,14.63910446
0.421,-0.000458602,-4.59E-07,-0.000107391,-1.07E-07,14.59874541,-45.40125459,14.59875782
0.422,-0.00045648,-4.56E-07,-0.000106894,-1.07E-07,14.55847274,-45.44152726,14.55846666
0.423,-0.000454374,-4.54E-07,-0.000106401,-1.06E-07,14.51829477,-45.48170523,14.51831428
0.424,-0.000452282,-4.52E-07,-0.000105911,-1.06E-07,14.47821103,-45.52178897,14.47822146
0.425,-0.000450204,-4.50E-07,-0.000105424,-1.05E-07,14.43822108,-45.56177892,14.43818989
0.426,-0.000448141,-4.48E-07,-0.000104941,-1.05E-07,14.39832448,-45.60167552,14.39830405
0.427,-0.000446092,-4.46E-07,-0.000104461,-1.04E-07,14.35852079,-45.64147921,14.35848367
0.428,-0.000444057,-4.44E-07,-0.000103985,-1.04E-07,14.31880956,-45.68119044,14.31881401
0.429,-0.000442036,-4.42E-07,-0.000103512,-1.04E-07,14.27919036,-45.72080964,14.27921408
0.43,-0.000440029,-4.40E-07,-0.000103042,-1.03E-07,14.23966276,-45.76033724,14.23968568
0.431,-0.000438036,-4.38E-07,-0.000102575,-1.03E-07,14.20022633,-45.79977367,14.2002306
0.432,-0.000436056,-4.36E-07,-0.000102111,-1.02E-07,14.16088064,-45.83911936,14.16085067
0.433,-0.00043409,-4.34E-07,-0.000101651,-1.02E-07,14.12162527,-45.87837473,14.12163319
0.434,-0.000432137,-4.32E-07,-0.000101194,-1.01E-07,14.0824598,-45.9175402,14.08249535
0.435,-0.000430197,-4.30E-07,-0.000100739,-1.01E-07,14.04338382,-45.95661618,14.0433528
0.436,-0.000428271,-4.28E-07,-0.000100288,-1.00E-07,14.0043969,-45.9956031,14.0043795
0.437,-0.000426357,-4.26E-07,-9.98E-05,-9.98E-08,13.96549864,-46.03450136,13.96201091
0.438,-0.000424456,-4.24E-07,-9.94E-05,-9.94E-08,13.92668862,-46.07331138,13.92712777
0.439,-0.000422568,-4.23E-07,-9.90E-05,-9.90E-08,13.88796645,-46.11203355,13.89210398
0.44,-0.000420693,-4.21E-07,-9.85E-05,-9.85E-08,13.84933173,-46.15066827,13.8481247
0.441,-0.00041883,-4.19E-07,-9.81E-05,-9.81E-08,13.81078404,-46.18921596,13.81278023
0.442,-0.000416979,-4.17E-07,-9.76E-05,-9.76E-08,13.77232299,-46.22767701,13.76839644
0.443,-0.000415141,-4.15E-07,-9.72E-05,-9.72E-08,13.7339482,-46.2660518,13.73272539
0.444,-0.000413315,-4.13E-07,-9.68E-05,-9.68E-08,13.69565926,-46.30434074,13.69690723
0.445,-0.000411501,-4.12E-07,-9.64E-05,-9.64E-08,13.6574558,-46.3425442,13.66094076
0.446,-0.000409699,-4.10E-07,-9.59E-05,-9.59E-08,13.61933741,-46.38066259,13.61577223
0.447,-0.000407909,-4.08E-07,-9.55E-05,-9.55E-08,13.58130373,-46.41869627,13.57946752
0.448,-0.000406131,-4.06E-07,-9.51E-05,-9.51E-08,13.54335437,-46.45664563,13.54301043
0.449,-0.000404364,-4.04E-07,-9.47E-05,-9.47E-08,13.50548894,-46.49451106,13.50639967
0.45,-0.000402609,-4.03E-07,-9.43E-05,-9.43E-08,13.46770708,-46.53229292,13.46963394
0.451,-0.000400866,-4.01E-07,-9.39E-05,-9.39E-08,13.43000841,-46.56999159,13.43271193
0.452,-0.000399133,-3.99E-07,-9.35E-05,-9.35E-08,13.39239257,-46.60760743,13.3956323
0.453,-0.000397412,-3.97E-07,-9.31E-05,-9.31E-08,13.35485917,-46.64514083,13.35839371
0.454,-0.000395703,-3.96E-07,-9.27E-05,-9.27E-08,13.31740787,-46.68259213,13.32099477
0.455,-0.000394004,-3.94E-07,-9.23E-05,-9.23E-08,13.28003829,-46.71996171,13.28343411
0.456,-0.000392316,-3.92E-07,-9.19E-05,-9.19E-08,13.24275007,-46.75724993,13.24571031
0.457,-0.000390639,-3.91E-07,-9.15E-05,-9.15E-08,13.20554285,-46.79445715,13.20782197
0.458,-0.000388973,-3.89E-07,-9.11E-05,-9.11E-08,13.16841629,-46.83158371,13.16976763
0.459,-0.000387317,-3.87E-07,-9.07E-05,-9.07E-08,13.13137002,-46.86862998,13.13154583
0.46,-0.000385673,-3.86E-07,-9.03E-05,-9.03E-08,13.0944037,-46.9055963,13.09315509
0.461,-0.000384038,-3.84E-07,-8.99E-05,-8.99E-08,13.05751698,-46.94248302,13.05459392
0.462,-0.000382414,-3.82E-07,-8.96E-05,-8.96E-08,13.0207095,-46.9792905,13.02556028
0.463,-0.000380801,-3.81E-07,-8.92E-05,-8.92E-08,12.98398093,-47.01601907,12.98669717
0.464,-0.000379197,-3.79E-07,-8.88E-05,-8.88E-08,12.94733093,-47.05266907,12.9476594
0.465,-0.000377604,-3.78E-07,-8.84E-05,-8.84E-08,12.91075914,-47.08924086,12.90844539
0.466,-0.000376021,-3.76E-07,-8.81E-05,-8.81E-08,12.87426525,-47.12573475,12.87891825
0.467,-0.000374448,-3.74E-07,-8.77E-05,-8.77E-08,12.83784891,-47.16215109,12.83939195
0.468,-0.000372884,-3.73E-07,-8.73E-05,-8.73E-08,12.80150978,-47.19849022,12.79968496
0.469,-0.000371331,-3.71E-07,-8.70E-05,-8.70E-08,12.76524754,-47.23475246,12.76978514
0.47,-0.000369787,-3.70E-07,-8.66E-05,-8.66E-08,12.72906187,-47.27093813,12.72975793
0.471,-0.000368253,-3.68E-07,-8.62E-05,-8.62E-08,12.69295242,-47.30704758,12.6895454
0.472,-0.000366728,-3.67E-07,-8.59E-05,-8.59E-08,12.65691888,-47.34308112,12.65926336
0.473,-0.000365213,-3.65E-07,-8.55E-05,-8.55E-08,12.62096093,-47.37903907,12.61872238
0.474,-0.000363708,-3.64E-07,-8.52E-05,-8.52E-08,12.58507824,-47.41492176,12.58819198
0.475,-0.000362211,-3.62E-07,-8.48E-05,-8.48E-08,12.54927051,-47.45072949,12.54731713
0.476,-0.000360724,-3.61E-07,-8.45E-05,-8.45E-08,12.5135374,-47.4864626,12.51653427
0.477,-0.000359246,-3.59E-07,-8.41E-05,-8.41E-08,12.47787861,-47.52212139,12.47532
0.478,-0.000357778,-3.58E-07,-8.38E-05,-8.38E-08,12.44229382,-47.55770618,12.44428046
0.479,-0.000356318,-3.56E-07,-8.34E-05,-8.34E-08,12.40678273,-47.59321727,12.4027211
0.48,-0.000354867,-3.55E-07,-8.31E-05,-8.31E-08,12.37134503,-47.62865497,12.37142056
0.481,-0.000353425,-3.53E-07,-8.28E-05,-8.28E-08,12.33598041,-47.66401959,12.34000682
0.482,-0.000351992,-3.52E-07,-8.24E-05,-8.24E-08,12.30068856,-47.69931144,12.29794432
0.483,-0.000350568,-3.51E-07,-8.21E-05,-8.21E-08,12.26546919,-47.73453081,12.26626323
0.484,-0.000349152,-3.49E-07,-8.18E-05,-8.18E-08,12.23032199,-47.76967801,12.23446616
0.485,-0.000347745,-3.48E-07,-8.14E-05,-8.14E-08,12.19524666,-47.80475334,12.19188818
0.486,-0.000346346,-3.46E-07,-8.11E-05,-8.11E-08,12.16024291,-47.83975709,12.15981717
0.487,-0.000344956,-3.45E-07,-8.08E-05,-8.08E-08,12.12531045,-47.87468955,12.1276273
0.488,-0.000343575,-3.44E-07,-8.05E-05,-8.05E-08,12.09044898,-47.90955102,12.09531769
0.489,-0.000342201,-3.42E-07,-8.01E-05,-8.01E-08,12.05565821,-47.94434179,12.05205041
0.49,-0.000340836,-3.41E-07,-7.98E-05,-7.98E-08,12.02093784,-47.97906216,12.01945791
0.491,-0.000339479,-3.39E-07,-7.95E-05,-7.95E-08,11.9862876,-48.0137124,11.98674266
0.492,-0.00033813,-3.38E-07,-7.92E-05,-7.92E-08,11.9517072,-48.0482928,11.95390372
0.493,-0.000336789,-3.37E-07,-7.89E-05,-7.89E-08,11.91719634,-48.08280366,11.92094015
0.494,-0.000335457,-3.35E-07,-7.86E-05,-7.86E-08,11.88275477,-48.11724523,11.88785101
0.495,-0.000334132,-3.34E-07,-7.82E-05,-7.82E-08,11.84838218,-48.15161782,11.84353515
0.496,-0.000332815,-3.33E-07,-7.79E-05,-7.79E-08,11.8140783,-48.1859217,11.81014924
0.497,-0.000331505,-3.32E-07,-7.76E-05,-7.76E-08,11.77984285,-48.22015715,11.77663451
0.498,-0.000330204,-3.30E-07,-7.73E-05,-7.73E-08,11.74567556,-48.25432444,11.74298997
0.499,-0.00032891,-3.29E-07,-7.70E-05,-7.70E-08,11.71157616,-48.28842384,11.70921459
0.5,-0.000327624,-3.28E-07,-7.67E-05,-7.67E-08,11.67754437,-48.32245563,11.67530737
0.501,-0.000326345,-3.26E-07,-7.64E-05,-7.64E-08,11.64357993,-48.35642007,11.64126726
0.502,-0.000325074,-3.25E-07,-7.61E-05,-7.61E-08,11.60968256,-48.39031744,11.60709322
0.503,-0.000323811,-3.24E-07,-7.58E-05,-7.58E-08,11.57585199,-48.42414801,11.5727842
0.504,-0.000322554,-3.23E-07,-7.55E-05,-7.55E-08,11.54208796,-48.45791204,11.53833912
0.505,-0.000321305,-3.21E-07,-7.52E-05,-7.52E-08,11.50839022,-48.49160978,11.5037569
0.506,-0.000320064,-3.20E-07,-7.49E-05,-7.49E-08,11.47475848,-48.52524152,11.46903644
0.507,-0.000318829,-3.19E-07,-7.47E-05,-7.47E-08,11.44119251,-48.55880749,11.44581212
0.508,-0.000317602,-3.18E-07,-7.44E-05,-7.44E-08,11.40769203,-48.59230797,11.4108588
0.509,-0.000316382,-3.16E-07,-7.41E-05,-7.41E-08,11.37425678,-48.62574322,11.37576425
0.51,-0.000315169,-3.15E-07,-7.38E-05,-7.38E-08,11.34088652,-48.65911348,11.34052732
0.511,-0.000313962,-3.14E-07,-7.35E-05,-7.35E-08,11.30758098,-48.69241902,11.30514687
0.512,-0.000312763,-3.13E-07,-7.32E-05,-7.32E-08,11.27433992,-48.72566008,11.26962171
0.513,-0.000311571,-3.12E-07,-7.30E-05,-7.30E-08,11.24116308,-48.75883692,11.24585729
0.514,-0.000310385,-3.10E-07,-7.27E-05,-7.27E-08,11.20805021,-48.79194979,11.2100883
0.515,-0.000309206,-3.09E-07,-7.24E-05,-7.24E-08,11.17500107,-48.82499893,11.17417141
0.516,-0.000308034,-3.08E-07,-7.21E-05,-7.21E-08,11.1420154,-48.8579846,11.13810538
0.517,-0.000306869,-3.07E-07,-7.19E-05,-7.19E-08,11.10909296,-48.89090704,11.11397789
0.518,-0.00030571,-3.06E-07,-7.16E-05,-7.16E-08,11.07623351,-48.92376649,11.07766053
0.519,-0.000304558,-3.05E-07,-7.13E-05,-7.13E-08,11.0434368,-48.9565632,11.04119068
0.52,-0.000303413,-3.03E-07,-7.11E-05,-7.11E-08,11.0107026,-48.9892974,11.0167921
0.521,-0.000302274,-3.02E-07,-7.08E-05,-7.08E-08,10.97803065,-49.02196935,10.98006524
0.522,-0.000301141,-3.01E-07,-7.05E-05,-7.05E-08,10.94542073,-49.05457927,10.94318243
0.523,-0.000300014,-3.00E-07,-7.03E-05,-7.03E-08,10.9128726,-49.0871274,10.91850659
0.524,-0.000298894,-2.99E-07,-7.00E-05,-7.00E-08,10.88038602,-49.11961398,10.88136089
0.525,-0.000297781,-2.98E-07,-6.97E-05,-6.97E-08,10.84796075,-49.15203925,10.84405565
0.526,-0.000296673,-2.97E-07,-6.95E-05,-6.95E-08,10.81559657,-49.18440343,10.81909618
0.527,-0.000295572,-2.96E-07,-6.92E-05,-6.92E-08,10.78329323,-49.21670677,10.78152198
0.528,-0.000294477,-2.94E-07,-6.90E-05,-6.90E-08,10.75105052,-49.24894948,10.7563819
0.529,-0.000293388,-2.93E-07,-6.87E-05,-6.87E-08,10.7188682,-49.2811318,10.71853483
0.53,-0.000292305,-2.92E-07,-6.84E-05,-6.84E-08,10.68674604,-49.31325396,10.68052212
0.531,-0.000291228,-2.91E-07,-6.82E-05,-6.82E-08,10.65468382,-49.34531618,10.65508758
0.532,-0.000290157,-2.90E-07,-6.79E-05,-6.79E-08,10.62268131,-49.37731869,10.61679557
0.533,-0.000289092,-2.89E-07,-6.77E-05,-6.77E-08,10.59073829,-49.40926171,10.59117346
0.534,-0.000288032,-2.88E-07,-6.74E-05,-6.74E-08,10.55885453,-49.44114547,10.55259802
0.535,-0.000286979,-2.87E-07,-6.72E-05,-6.72E-08,10.52702982,-49.47297018,10.52678555
0.536,-0.000285931,-2.86E-07,-6.70E-05,-6.70E-08,10.49526393,-49.50473607,10.50089614
0.537,-0.000284889,-2.85E-07,-6.67E-05,-6.67E-08,10.46355665,-49.53644335,10.46191677
0.538,-0.000283853,-2.84E-07,-6.65E-05,-6.65E-08,10.43190775,-49.56809225,10.43583299
0.539,-0.000282823,-2.83E-07,-6.62E-05,-6.62E-08,10.40031702,-49.59968298,10.39655988
0.54,-0.000281798,-2.82E-07,-6.60E-05,-6.60E-08,10.36878425,-49.63121575,10.3702788
0.541,-0.000280779,-2.81E-07,-6.58E-05,-6.58E-08,10.33730921,-49.66269079,10.34391796
0.542,-0.000279765,-2.80E-07,-6.55E-05,-6.55E-08,10.30589171,-49.69410829,10.30422609
0.543,-0.000278757,-2.79E-07,-6.53E-05,-6.53E-08,10.27453152,-49.72546848,10.27766371
0.544,-0.000277754,-2.78E-07,-6.50E-05,-6.50E-08,10.24322845,-49.75677155,10.23766722
0.545,-0.000276756,-2.77E-07,-6.48E-05,-6.48E-08,10.21198226,-49.78801774,10.2109002
0.546,-0.000275764,-2.76E-07,-6.46E-05,-6.46E-08,10.18079277,-49.81920723,10.18405045
0.547,-0.000274778,-2.75E-07,-6.43E-05,-6.43E-08,10.14965975,-49.85034025,10.14361955
0.548,-0.000273796,-2.74E-07,-6.41E-05,-6.41E-08,10.11858301,-49.88141699,10.11656068
0.549,-0.00027282,-2.73E-07,-6.39E-05,-6.39E-08,10.08756234,-49.91243766,10.08941725
0.55,-0.000271849,-2.72E-07,-6.37E-05,-6.37E-08,10.05659754,-49.94340246,10.06218873
0.551,-0.000270884,-2.71E-07,-6.34E-05,-6.34E-08,10.02568841,-49.97431159,10.02118524
0.552,-0.000269923,-2.70E-07,-6.32E-05,-6.32E-08,9.994834733,-50.00516527,9.993741652
0.553,-0.000268968,-2.69E-07,-6.30E-05,-6.30E-08,9.964036326,-50.03596367,9.966211076
0.554,-0.000268018,-2.68E-07,-6.28E-05,-6.28E-08,9.933292981,-50.06670702,9.938592961
0.555,-0.000267072,-2.67E-07,-6.25E-05,-6.25E-08,9.9026045,-50.0973955,9.897000434
0.556,-0.000266132,-2.66E-07,-6.23E-05,-6.23E-08,9.87197069,-50.12802931,9.86916102
0.557,-0.000265197,-2.65E-07,-6.21E-05,-6.21E-08,9.841391347,-50.15860865,9.84123209
0.558,-0.000264266,-2.64E-07,-6.19E-05,-6.19E-08,9.810866286,-50.18913371,9.813213067
0.559,-0.000263341,-2.63E-07,-6.17E-05,-6.17E-08,9.780395306,-50.21960469,9.785103367
0.56,-0.00026242,-2.62E-07,-6.15E-05,-6.15E-08,9.749978221,-50.25002178,9.756902402
0.561,-0.000261505,-2.62E-07,-6.12E-05,-6.12E-08,9.719614834,-50.28038517,9.71442853
0.562,-0.000260594,-2.61E-07,-6.10E-05,-6.10E-08,9.689304953,-50.31069505,9.685996787
0.563,-0.000259687,-2.60E-07,-6.08E-05,-6.08E-08,9.659048394,-50.34095161,9.657471672
0.564,-0.000258786,-2.59E-07,-6.06E-05,-6.06E-08,9.628844961,-50.37115504,9.62885257
0.565,-0.000257889,-2.58E-07,-6.04E-05,-6.04E-08,9.598694472,-50.40130553,9.600138859
0.566,-0.000256997,-2.57E-07,-6.02E-05,-6.02E-08,9.56859674,-50.43140326,9.571329912
0.567,-0.00025611,-2.56E-07,-6.00E-05,-6.00E-08,9.538551575,-50.46144842,9.542425094
0.568,-0.000255227,-2.55E-07,-5.98E-05,-5.98E-08,9.508558797,-50.4914412,9.513423766
0.569,-0.000254349,-2.54E-07,-5.96E-05,-5.96E-08,9.478618219,-50.52138178,9.484325282
0.57,-0.000253475,-2.53E-07,-5.94E-05,-5.94E-08,9.448729662,-50.55127034,9.455128986
0.571,-0.000252606,-2.53E-07,-5.92E-05,-5.92E-08,9.418892941,-50.58110706,9.425834221
0.572,-0.000251741,-2.52E-07,-5.90E-05,-5.90E-08,9.389107873,-50.61089213,9.39644032
0.573,-0.000250881,-2.51E-07,-5.87E-05,-5.87E-08,9.359374285,-50.64062571,9.352162112
0.574,-0.000250025,-2.50E-07,-5.85E-05,-5.85E-08,9.329691995,-50.67030801,9.322517408
0.575,-0.000249173,-2.49E-07,-5.83E-05,-5.83E-08,9.300060823,-50.69993918,9.292771182
0.576,-0.000248326,-2.48E-07,-5.82E-05,-5.82E-08,9.270480595,-50.72951941,9.27785978
0.577,-0.000247483,-2.47E-07,-5.80E-05,-5.80E-08,9.24095113,-50.75904887,9.247959958
0.578,-0.000246645,-2.47E-07,-5.78E-05,-5.78E-08,9.211472254,-50.78852775,9.217956855
0.579,-0.000245811,-2.46E-07,-5.76E-05,-5.76E-08,9.182043803,-50.8179562,9.187849755
0.58,-0.000244981,-2.45E-07,-5.74E-05,-5.74E-08,9.152665588,-50.84733441,9.157637935
0.581,-0.000244155,-2.44E-07,-5.72E-05,-5.72E-08,9.123337447,-50.87666255,9.127320663
0.582,-0.000243333,-2.43E-07,-5.70E-05,-5.70E-08,9.094059204,-50.9059408,9.0968972
0.583,-0.000242516,-2.43E-07,-5.68E-05,-5.68E-08,9.064830686,-50.93516931,9.066366801
0.584,-0.000241702,-2.42E-07,-5.66E-05,-5.66E-08,9.035651732,-50.96434827,9.03572871
0.585,-0.000240893,-2.41E-07,-5.64E-05,-5.64E-08,9.006522163,-50.99347784,9.004982166
0.586,-0.000240088,-2.40E-07,-5.62E-05,-5.62E-08,8.977441818,-51.02255818,8.974126398
0.587,-0.000239287,-2.39E-07,-5.60E-05,-5.60E-08,8.948410524,-51.05158948,8.943160627
0.588,-0.00023849,-2.38E-07,-5.58E-05,-5.58E-08,8.91942812,-51.08057188,8.912084065
0.589,-0.000237697,-2.38E-07,-5.57E-05,-5.57E-08,8.890494438,-51.10950556,8.89650399
0.59,-0.000236908,-2.37E-07,-5.55E-05,-5.55E-08,8.861609314,-51.13839069,8.865259749
0.591,-0.000236122,-2.36E-07,-5.53E-05,-5.53E-08,8.832772586,-51.16722741,8.833902713
0.592,-0.000235341,-2.35E-07,-5.51E-05,-5.51E-08,8.803984083,-51.19601592,8.802432064
0.593,-0.000234564,-2.35E-07,-5.49E-05,-5.49E-08,8.775243651,-51.22475635,8.770846976
0.594,-0.00023379,-2.34E-07,-5.47E-05,-5.47E-08,8.746551126,-51.25344887,8.739146613
0.595,-0.00023302,-2.33E-07,-5.46E-05,-5.46E-08,8.71790635,-51.28209365,8.723252941
0.596,-0.000232254,-2.32E-07,-5.44E-05,-5.44E-08,8.689309162,-51.31069084,8.691378081
0.597,-0.000231492,-2.31E-07,-5.42E-05,-5.42E-08,8.6607594,-51.3392406,8.659385817
0.598,-0.000230734,-2.31E-07,-5.40E-05,-5.40E-08,8.632256908,-51.36774309,8.627275283
0.599,-0.000229979,-2.30E-07,-5.39E-05,-5.39E-08,8.603801529,-51.39619847,8.61117539
0.6,-0.000229228,-2.29E-07,-5.37E-05,-5.37E-08,8.575393102,-51.4246069,8.578885801
0.601,-0.000228481,-2.28E-07,-5.35E-05,-5.35E-08,8.547031481,-51.45296852,8.546475727
0.602,-0.000227737,-2.28E-07,-5.33E-05,-5.33E-08,8.518716501,-51.4812835,8.513944267
0.603,-0.000226997,-2.27E-07,-5.32E-05,-5.32E-08,8.490448014,-51.50955199,8.497632733
0.604,-0.000226261,-2.26E-07,-5.30E-05,-5.30E-08,8.462225867,-51.53777413,8.464917479
0.605,-0.000225528,-2.26E-07,-5.28E-05,-5.28E-08,8.434049899,-51.5659501,8.432078537
0.606,-0.000224799,-2.25E-07,-5.26E-05,-5.26E-08,8.40591997,-51.59408003,8.39911497
0.607,-0.000224073,-2.24E-07,-5.25E-05,-5.25E-08,8.377835922,-51.62216408,8.382586155
0.608,-0.000223351,-2.23E-07,-5.23E-05,-5.23E-08,8.349797604,-51.6502024,8.349433864
0.609,-0.000222633,-2.23E-07,-5.21E-05,-5.21E-08,8.321804868,-51.67819513,8.316154553
0.61,-0.000221917,-2.22E-07,-5.20E-05,-5.20E-08,8.293857565,-51.70614243,8.299466959
0.611,-0.000221206,-2.21E-07,-5.18E-05,-5.18E-08,8.265955546,-51.73404445,8.265995282
0.612,-0.000220497,-2.20E-07,-5.16E-05,-5.16E-08,8.238098668,-51.76190133,8.232394119
0.613,-0.000219793,-2.20E-07,-5.15E-05,-5.15E-08,8.21028678,-51.78971322,8.215544668
0.614,-0.000219091,-2.19E-07,-5.13E-05,-5.13E-08,8.182519735,-51.81748027,8.181747389
0.615,-0.000218393,-2.18E-07,-5.11E-05,-5.11E-08,8.15479739,-51.84520261,8.147818089
0.616,-0.000217698,-2.18E-07,-5.10E-05,-5.10E-08,8.127119596,-51.8728804,8.130803609
0.617,-0.000217007,-2.17E-07,-5.08E-05,-5.08E-08,8.099486217,-51.90051378,8.096674332
0.618,-0.000216318,-2.16E-07,-5.07E-05,-5.07E-08,8.071897108,-51.92810289,8.079559273
0.619,-0.000215633,-2.16E-07,-5.05E-05,-5.05E-08,8.044352119,-51.95564788,8.045227649
0.62,-0.000214952,-2.15E-07,-5.03E-05,-5.03E-08,8.016851115,-51.98314888,8.010759788
0.621,-0.000214273,-2.14E-07,-5.02E-05,-5.02E-08,7.989393953,-52.01060605,7.99347443
0.622,-0.000213598,-2.14E-07,-5.00E-05,-5.00E-08,7.961980494,-52.03801951,7.958800173
0.623,-0.000212926,-2.13E-07,-4.99E-05,-4.99E-08,7.934610597,-52.0653894,7.941410999
0.624,-0.000212257,-2.12E-07,-4.97E-05,-4.97E-08,7.907284125,-52.09271588,7.906527861
0.625,-0.000211592,-2.12E-07,-4.95E-05,-4.95E-08,7.880000937,-52.11999906,7.871504065
0.626,-0.000210929,-2.11E-07,-4.94E-05,-4.94E-08,7.852760896,-52.1472391,7.853939065
0.627,-0.00021027,-2.10E-07,-4.92E-05,-4.92E-08,7.825563865,-52.17443613,7.818702142
0.628,-0.000209613,-2.10E-07,-4.91E-05,-4.91E-08,7.798409704,-52.2015903,7.801029929
0.629,-0.00020896,-2.09E-07,-4.89E-05,-4.89E-08,7.771298283,-52.22870172,7.765577269
0.63,-0.00020831,-2.08E-07,-4.88E-05,-4.88E-08,7.744229467,-52.25577053,7.747796527
0.631,-0.000207663,-2.08E-07,-4.86E-05,-4.86E-08,7.717203117,-52.28279688,7.712125472
0.632,-0.000207019,-2.07E-07,-4.85E-05,-4.85E-08,7.690219104,-52.3097809,7.694234859
0.633,-0.000206378,-2.06E-07,-4.83E-05,-4.83E-08,7.663277287,-52.33672271,7.658342702
0.634,-0.000205739,-2.06E-07,-4.82E-05,-4.82E-08,7.636377537,-52.36362246,7.640340851
0.635,-0.000205104,-2.05E-07,-4.80E-05,-4.80E-08,7.609519727,-52.39048027,7.604224834
0.636,-0.000204472,-2.04E-07,-4.79E-05,-4.79E-08,7.582703723,-52.41729628,7.586110355
0.637,-0.000203843,-2.04E-07,-4.77E-05,-4.77E-08,7.555929393,-52.44407061,7.549767668
0.638,-0.000203216,-2.03E-07,-4.76E-05,-4.76E-08,7.529196608,-52.47080339,7.531539141
0.639,-0.000202593,-2.03E-07,-4.74E-05,-4.74E-08,7.502505236,-52.49749476,7.49496692
0.64,-0.000201972,-2.02E-07,-4.73E-05,-4.73E-08,7.475855153,-52.52414485,7.476622901
0.641,-0.000201354,-2.01E-07,-4.72E-05,-4.72E-08,7.449246226,-52.55075377,7.458240059
0.642,-0.000200739,-2.01E-07,-4.70E-05,-4.70E-08,7.422678329,-52.57732167,7.421357245
0.643,-0.000200127,-2.00E-07,-4.69E-05,-4.69E-08,7.396151333,-52.60384867,7.402856941
0.644,-0.000199518,-2.00E-07,-4.67E-05,-4.67E-08,7.369665116,-52.63033488,7.365737698
0.645,-0.000198911,-1.99E-07,-4.66E-05,-4.66E-08,7.34321955,-52.65678045,7.347118421
0.646,-0.000198308,-1.98E-07,-4.64E-05,-4.64E-08,7.316814505,-52.68318549,7.309759698
0.647,-0.000197707,-1.98E-07,-4.63E-05,-4.63E-08,7.290449865,-52.70955014,7.291019907
0.648,-0.000197108,-1.97E-07,-4.62E-05,-4.62E-08,7.264125496,-52.7358745,7.272239598
0.649,-0.000196513,-1.97E-07,-4.60E-05,-4.60E-08,7.237841285,-52.76215871,7.23455672
0.65,-0.00019592,-1.96E-07,-4.59E-05,-4.59E-08,7.211597101,-52.7884029,7.215653797
0.651,-0.00019533,-1.95E-07,-4.57E-05,-4.57E-08,7.185392823,-52.81460718,7.177724088
0.652,-0.000194742,-1.95E-07,-4.56E-05,-4.56E-08,7.159228335,-52.84077167,7.15869694
0.653,-0.000194157,-1.94E-07,-4.55E-05,-4.55E-08,7.133103511,-52.86689649,7.13962802
0.654,-0.000193575,-1.94E-07,-4.53E-05,-4.53E-08,7.107018231,-52.89298177,7.101364127
0.655,-0.000192995,-1.93E-07,-4.52E-05,-4.52E-08,7.080972377,-52.91902762,7.082168783
0.656,-0.000192419,-1.92E-07,-4.51E-05,-4.51E-08,7.054965819,-52.94503418,7.062930924
0.657,-0.000191844,-1.92E-07,-4.49E-05,-4.49E-08,7.028998448,-52.97100155,7.024326907
0.658,-0.000191272,-1.91E-07,-4.48E-05,-4.48E-08,7.003070148,-52.99692985,7.004960367
0.659,-0.000190703,-1.91E-07,-4.47E-05,-4.47E-08,6.977180792,-53.02281921,6.985550549
0.66,-0.000190136,-1.90E-07,-4.45E-05,-4.45E-08,6.951330271,-53.04866973,6.946600306
0.661,-0.000189572,-1.90E-07,-4.44E-05,-4.44E-08,6.925518463,-53.07448154,6.927059489
0.662,-0.00018901,-1.89E-07,-4.43E-05,-4.43E-08,6.899745249,-53.10025475,6.907474611
0.663,-0.000188451,-1.88E-07,-4.41E-05,-4.41E-08,6.874010518,-53.12598948,6.868171876
0.664,-0.000187895,-1.88E-07,-4.40E-05,-4.40E-08,6.848314152,-53.15168585,6.848453616
0.665,-0.00018734,-1.87E-07,-4.39E-05,-4.39E-08,6.822656039,-53.17734396,6.828690492
0.666,-0.000186789,-1.87E-07,-4.37E-05,-4.37E-08,6.797036062,-53.20296394,6.789028826
0.667,-0.000186239,-1.86E-07,-4.36E-05,-4.36E-08,6.771454107,-53.22854589,6.769129872
0.668,-0.000185692,-1.86E-07,-4.35E-05,-4.35E-08,6.745910067,-53.25408993,6.749185226
0.669,-0.000185148,-1.85E-07,-4.34E-05,-4.34E-08,6.720403817,-53.27959618,6.729194677
0.67,-0.000184606,-1.85E-07,-4.32E-05,-4.32E-08,6.694935255,-53.30506474,6.689075023
0.671,-0.000184066,-1.84E-07,-4.31E-05,-4.31E-08,6.669504267,-53.33049573,6.66894549
0.672,-0.000183529,-1.84E-07,-4.30E-05,-4.30E-08,6.644110736,-53.35588926,6.648769198
0.673,-0.000182994,-1.83E-07,-4.29E-05,-4.29E-08,6.618754562,-53.38124544,6.62854593
0.674,-0.000182461,-1.82E-07,-4.27E-05,-4.27E-08,6.593435626,-53.40656437,6.587957587
0.675,-0.000181931,-1.82E-07,-4.26E-05,-4.26E-08,6.568153822,-53.43184618,6.567592069
0.676,-0.000181403,-1.81E-07,-4.25E-05,-4.25E-08,6.542909038,-53.45709096,6.547178688
0.677,-0.000180877,-1.81E-07,-4.24E-05,-4.24E-08,6.517701169,-53.48229883,6.526717219
0.678,-0.000180354,-1.80E-07,-4.22E-05,-4.22E-08,6.492530102,-53.5074699,6.485649106
0.679,-0.000179833,-1.80E-07,-4.21E-05,-4.21E-08,6.467395729,-53.53260427,6.465042003
0.68,-0.000179314,-1.79E-07,-4.20E-05,-4.20E-08,6.44229795,-53.55770205,6.444385895
0.681,-0.000178797,-1.79E-07,-4.19E-05,-4.19E-08,6.417236651,-53.58276335,6.423680546
0.682,-0.000178283,-1.78E-07,-4.17E-05,-4.17E-08,6.392211734,-53.60778827,6.382121186
0.683,-0.000177771,-1.78E-07,-4.16E-05,-4.16E-08,6.367223079,-53.63277692,6.361266699
0.684,-0.000177261,-1.77E-07,-4.15E-05,-4.15E-08,6.342270591,-53.65772941,6.340362021
0.685,-0.000176753,-1.77E-07,-4.14E-05,-4.14E-08,6.317354156,-53.68264584,6.319406909
0.686,-0.000176247,-1.76E-07,-4.13E-05,-4.13E-08,6.292473683,-53.70752632,6.29840112
0.687,-0.000175744,-1.76E-07,-4.12E-05,-4.12E-08,6.267629058,-53.73237094,6.277344407
0.688,-0.000175243,-1.75E-07,-4.10E-05,-4.10E-08,6.242820178,-53.75717982,6.235077221
0.689,-0.000174743,-1.75E-07,-4.09E-05,-4.09E-08,6.218046946,-53.78195305,6.213866247
0.69,-0.000174246,-1.74E-07,-4.08E-05,-4.08E-08,6.193309252,-53.80669075,6.192603349
0.691,-0.000173752,-1.74E-07,-4.07E-05,-4.07E-08,6.168606998,-53.831393,6.171288271
0.692,-0.000173259,-1.73E-07,-4.06E-05,-4.06E-08,6.143940081,-53.85605992,6.149920758
0.693,-0.000172768,-1.73E-07,-4.05E-05,-4.05E-08,6.119308397,-53.8806916,6.128500551
0.694,-0.00017228,-1.72E-07,-4.03E-05,-4.03E-08,6.094711847,-53.90528815,6.08550101
0.695,-0.000171793,-1.72E-07,-4.02E-05,-4.02E-08,6.070150337,-53.92984966,6.063921148
0.696,-0.000171309,-1.71E-07,-4.01E-05,-4.01E-08,6.045623751,-53.95437625,6.042287539
0.697,-0.000170826,-1.71E-07,-4.00E-05,-4.00E-08,6.021132,-53.978868,6.020599913
0.698,-0.000170346,-1.70E-07,-3.99E-05,-3.99E-08,5.996674982,-54.00332502,5.998858
0.699,-0.000169868,-1.70E-07,-3.98E-05,-3.98E-08,5.972252606,-54.02774739,5.977061528
0.7,-0.000169392,-1.69E-07,-3.97E-05,-3.97E-08,5.947864767,-54.05213523,5.955210222
0.701,-0.000168917,-1.69E-07,-3.96E-05,-3.96E-08,5.923511365,-54.07648863,5.933303805
0.702,-0.000168445,-1.68E-07,-3.94E-05,-3.94E-08,5.899192303,-54.1008077,5.889324523
0.703,-0.000167975,-1.68E-07,-3.93E-05,-3.93E-08,5.874907484,-54.12509252,5.867251094
0.704,-0.000167506,-1.68E-07,-3.92E-05,-3.92E-08,5.850656811,-54.14934319,5.845121427
0.705,-0.00016704,-1.67E-07,-3.91E-05,-3.91E-08,5.826440195,-54.17355981,5.822935235
0.706,-0.000166576,-1.67E-07,-3.90E-05,-3.90E-08,5.802257532,-54.19774247,5.800692227
0.707,-0.000166113,-1.66E-07,-3.89E-05,-3.89E-08,5.778108729,-54.22189127,5.778392113
0.708,-0.000165653,-1.66E-07,-3.88E-05,-3.88E-08,5.753993695,-54.2460063,5.756034599
0.709,-0.000165194,-1.65E-07,-3.87E-05,-3.87E-08,5.729912323,-54.27008768,5.733619387
0.71,-0.000164737,-1.65E-07,-3.86E-05,-3.86E-08,5.705864533,-54.29413547,5.71114618
0.711,-0.000164282,-1.64E-07,-3.85E-05,-3.85E-08,5.681850223,-54.31814978,5.688614677
0.712,-0.000163829,-1.64E-07,-3.84E-05,-3.84E-08,5.657869301,-54.3421307,5.666024574
0.713,-0.000163378,-1.63E-07,-3.83E-05,-3.83E-08,5.633921676,-54.36607832,5.643375566
0.714,-0.000162929,-1.63E-07,-3.82E-05,-3.82E-08,5.610007246,-54.38999275,5.620667345
0.715,-0.000162482,-1.62E-07,-3.80E-05,-3.80E-08,5.586125933,-54.41387407,5.575072019
0.716,-0.000162036,-1.62E-07,-3.79E-05,-3.79E-08,5.562277633,-54.43772237,5.552184286
0.717,-0.000161593,-1.62E-07,-3.78E-05,-3.78E-08,5.538462263,-54.46153774,5.529236083
0.718,-0.000161151,-1.61E-07,-3.77E-05,-3.77E-08,5.514679726,-54.48532027,5.506227091
0.719,-0.000160711,-1.61E-07,-3.76E-05,-3.76E-08,5.490929928,-54.50907007,5.483156985
0.72,-0.000160273,-1.60E-07,-3.75E-05,-3.75E-08,5.467212788,-54.53278721,5.460025441
0.721,-0.000159836,-1.60E-07,-3.74E-05,-3.74E-08,5.44352821,-54.55647179,5.436832131
0.722,-0.000159401,-1.59E-07,-3.73E-05,-3.73E-08,5.41987611,-54.58012389,5.413576723
0.723,-0.000158969,-1.59E-07,-3.72E-05,-3.72E-08,5.396256393,-54.60374361,5.390258884
0.724,-0.000158537,-1.59E-07,-3.71E-05,-3.71E-08,5.372668972,-54.62733103,5.366878279
0.725,-0.000158108,-1.58E-07,-3.70E-05,-3.70E-08,5.349113752,-54.65088625,5.343434568
0.726,-0.000157681,-1.58E-07,-3.69E-05,-3.69E-08,5.325590659,-54.67440934,5.31992741
0.727,-0.000157255,-1.57E-07,-3.68E-05,-3.68E-08,5.302099591,-54.69790041,5.29635646
0.728,-0.000156831,-1.57E-07,-3.67E-05,-3.67E-08,5.278640466,-54.72135953,5.272721372
0.729,-0.000156408,-1.56E-07,-3.66E-05,-3.66E-08,5.255213203,-54.7447868,5.249021795
0.73,-0.000155987,-1.56E-07,-3.65E-05,-3.65E-08,5.231817706,-54.76818229,5.225257376
0.731,-0.000155568,-1.56E-07,-3.64E-05,-3.64E-08,5.208453896,-54.7915461,5.20142776
0.732,-0.000155151,-1.55E-07,-3.63E-05,-3.63E-08,5.185121682,-54.81487832,5.177532587
0.733,-0.000154735,-1.55E-07,-3.62E-05,-3.62E-08,5.161820976,-54.83817902,5.153571497
0.734,-0.000154321,-1.54E-07,-3.61E-05,-3.61E-08,5.1385517,-54.8614483,5.129544125
0.735,-0.000153909,-1.54E-07,-3.60E-05,-3.60E-08,5.115313763,-54.88468624,5.105450102
0.736,-0.000153498,-1.53E-07,-3.59E-05,-3.59E-08,5.092107082,-54.90789292,5.081289058
0.737,-0.000153089,-1.53E-07,-3.58E-05,-3.58E-08,5.06893157,-54.93106843,5.05706062
0.738,-0.000152682,-1.53E-07,-3.58E-05,-3.58E-08,5.045787145,-54.95421285,5.05706062
0.739,-0.000152276,-1.52E-07,-3.57E-05,-3.57E-08,5.022673727,-54.97732627,5.032764409
0.74,-0.000151872,-1.52E-07,-3.56E-05,-3.56E-08,4.999591229,-55.00040877,5.008400046
0.741,-0.00015147,-1.51E-07,-3.55E-05,-3.55E-08,4.976539577,-55.02346042,4.983967148
0.742,-0.000151069,-1.51E-07,-3.54E-05,-3.54E-08,4.953518673,-55.04648133,4.959465327
0.743,-0.000150669,-1.51E-07,-3.53E-05,-3.53E-08,4.930528444,-55.06947156,4.934894194
0.744,-0.000150272,-1.50E-07,-3.52E-05,-3.52E-08,4.907568806,-55.09243119,4.910253356
0.745,-0.000149875,-1.50E-07,-3.51E-05,-3.51E-08,4.884639671,-55.11536033,4.885542416
0.746,-0.000149481,-1.49E-07,-3.50E-05,-3.50E-08,4.86174097,-55.13825903,4.860760974
0.747,-0.000149088,-1.49E-07,-3.49E-05,-3.49E-08,4.838872614,-55.16112739,4.835908626
0.748,-0.000148696,-1.49E-07,-3.48E-05,-3.48E-08,4.816034521,-55.18396548,4.810984966
0.749,-0.000148306,-1.48E-07,-3.47E-05,-3.47E-08,4.793226622,-55.20677338,4.785989583
0.75,-0.000147918,-1.48E-07,-3.46E-05,-3.46E-08,4.770448827,-55.22955117,4.760922063
0.751,-0.000147531,-1.48E-07,-3.45E-05,-3.45E-08,4.747701056,-55.25229894,4.735781988
0.752,-0.000147146,-1.47E-07,-3.45E-05,-3.45E-08,4.724983233,-55.27501677,4.735781988
0.753,-0.000146762,-1.47E-07,-3.44E-05,-3.44E-08,4.702295277,-55.29770472,4.710568938
0.754,-0.00014638,-1.46E-07,-3.43E-05,-3.43E-08,4.679637109,-55.32036289,4.685282488
0.755,-0.000145999,-1.46E-07,-3.42E-05,-3.42E-08,4.657008655,-55.34299134,4.659922208
0.756,-0.000145619,-1.46E-07,-3.41E-05,-3.41E-08,4.634409831,-55.36559017,4.634487667
0.757,-0.000145241,-1.45E-07,-3.40E-05,-3.40E-08,4.61184056,-55.38815944,4.608978428
0.758,-0.000144865,-1.45E-07,-3.39E-05,-3.39E-08,4.589300766,-55.41069923,4.583394051
0.759,-0.00014449,-1.44E-07,-3.38E-05,-3.38E-08,4.566790375,-55.43320962,4.557734092
0.76,-0.000144117,-1.44E-07,-3.37E-05,-3.37E-08,4.544309308,-55.45569069,4.531998104
0.761,-0.000143745,-1.44E-07,-3.37E-05,-3.37E-08,4.521857487,-55.47814251,4.531998104
0.762,-0.000143374,-1.43E-07,-3.36E-05,-3.36E-08,4.499434836,-55.50056516,4.506185635
0.763,-0.000143005,-1.43E-07,-3.35E-05,-3.35E-08,4.477041279,-55.52295872,4.480296227
0.764,-0.000142637,-1.43E-07,-3.34E-05,-3.34E-08,4.454676736,-55.54532326,4.454329423
0.765,-0.000142271,-1.42E-07,-3.33E-05,-3.33E-08,4.43234114,-55.56765886,4.428284757
0.766,-0.000141906,-1.42E-07,-3.32E-05,-3.32E-08,4.410034411,-55.58996559,4.402161761
0.767,-0.000141542,-1.42E-07,-3.31E-05,-3.31E-08,4.387756472,-55.61224353,4.375959962
0.768,-0.00014118,-1.41E-07,-3.31E-05,-3.31E-08,4.365507259,-55.63449274,4.375959962
0.769,-0.00014082,-1.41E-07,-3.30E-05,-3.30E-08,4.343286679,-55.65671332,4.349678884
0.77,-0.00014046,-1.40E-07,-3.29E-05,-3.29E-08,4.321094681,-55.67890532,4.323318046
0.771,-0.000140102,-1.40E-07,-3.28E-05,-3.28E-08,4.298931171,-55.70106883,4.296876961
0.772,-0.000139746,-1.40E-07,-3.27E-05,-3.27E-08,4.276796087,-55.72320391,4.27035514
0.773,-0.00013939,-1.39E-07,-3.26E-05,-3.26E-08,4.254689356,-55.74531064,4.243752088
0.774,-0.000139037,-1.39E-07,-3.26E-05,-3.26E-08,4.232610893,-55.76738911,4.243752088
0.775,-0.000138684,-1.39E-07,-3.25E-05,-3.25E-08,4.210560644,-55.78943936,4.217067306
0.776,-0.000138333,-1.38E-07,-3.24E-05,-3.24E-08,4.188538523,-55.81146148,4.190300291
0.777,-0.000137983,-1.38E-07,-3.23E-05,-3.23E-08,4.166544462,-55.83345554,4.163450533
0.778,-0.000137635,-1.38E-07,-3.22E-05,-3.22E-08,4.144578393,-55.85542161,4.136517521
0.779,-0.000137287,-1.37E-07,-3.21E-05,-3.21E-08,4.122640243,-55.87735976,4.109500735
0.78,-0.000136941,-1.37E-07,-3.21E-05,-3.21E-08,4.100729935,-55.89927007,4.109500735
0.781,-0.000136597,-1.37E-07,-3.20E-05,-3.20E-08,4.078847406,-55.92115259,4.082399653
0.782,-0.000136254,-1.36E-07,-3.19E-05,-3.19E-08,4.056992578,-55.94300742,4.055213748
0.783,-0.000135912,-1.36E-07,-3.18E-05,-3.18E-08,4.035165382,-55.96483462,4.027942486
0.784,-0.000135571,-1.36E-07,-3.17E-05,-3.17E-08,4.013365756,-55.98663424,4.000585331
0.785,-0.000135232,-1.35E-07,-3.17E-05,-3.17E-08,3.991593622,-56.00840638,4.000585331
0.786,-0.000134893,-1.35E-07,-3.16E-05,-3.16E-08,3.969848915,-56.03015109,3.973141739
0.787,-0.000134557,-1.35E-07,-3.15E-05,-3.15E-08,3.948131561,-56.05186844,3.945611163
0.788,-0.000134221,-1.34E-07,-3.14E-05,-3.14E-08,3.926441496,-56.0735585,3.917993048
0.789,-0.000133887,-1.34E-07,-3.14E-05,-3.14E-08,3.904778651,-56.09522135,3.917993048
0.79,-0.000133554,-1.34E-07,-3.13E-05,-3.13E-08,3.883142955,-56.11685704,3.890286838
0.791,-0.000133222,-1.33E-07,-3.12E-05,-3.12E-08,3.861534338,-56.13846566,3.862491967
0.792,-0.000132891,-1.33E-07,-3.11E-05,-3.11E-08,3.839952733,-56.16004727,3.834607867
0.793,-0.000132562,-1.33E-07,-3.10E-05,-3.10E-08,3.818398075,-56.18160192,3.806633963
0.794,-0.000132234,-1.32E-07,-3.10E-05,-3.10E-08,3.796870296,-56.2031297,3.806633963
0.795,-0.000131907,-1.32E-07,-3.09E-05,-3.09E-08,3.775369327,-56.22463067,3.778569675
0.796,-0.000131581,-1.32E-07,-3.08E-05,-3.08E-08,3.753895101,-56.2461049,3.750414417
0.797,-0.000131257,-1.31E-07,-3.07E-05,-3.07E-08,3.732447551,-56.26755245,3.722167596
0.798,-0.000130933,-1.31E-07,-3.07E-05,-3.07E-08,3.711026616,-56.28897338,3.722167596
0.799,-0.000130611,-1.31E-07,-3.06E-05,-3.06E-08,3.689632224,-56.31036778,3.693828616
0.8,-0.00013029,-1.30E-07,-3.05E-05,-3.05E-08,3.66826431,-56.33173569,3.665396874
0.801,-0.00012997,-1.30E-07,-3.04E-05,-3.04E-08,3.646922802,-56.3530772,3.636871759
0.802,-0.000129652,-1.30E-07,-3.04E-05,-3.04E-08,3.625607655,-56.37439235,3.636871759
0.803,-0.000129335,-1.29E-07,-3.03E-05,-3.03E-08,3.604318789,-56.39568121,3.608252657
0.804,-0.000129018,-1.29E-07,-3.02E-05,-3.02E-08,3.583056131,-56.41694387,3.579538946
0.805,-0.000128703,-1.29E-07,-3.01E-05,-3.01E-08,3.561819631,-56.43818037,3.550729999
0.806,-0.000128389,-1.28E-07,-3.01E-05,-3.01E-08,3.54060921,-56.45939079,3.550729999
0.807,-0.000128077,-1.28E-07,-3.00E-05,-3.00E-08,3.519424821,-56.48057518,3.521825181
0.808,-0.000127765,-1.28E-07,-2.99E-05,-2.99E-08,3.498266396,-56.5017336,3.492823853
0.809,-0.000127455,-1.27E-07,-2.98E-05,-2.98E-08,3.477133861,-56.52286614,3.463725368
0.81,-0.000127145,-1.27E-07,-2.98E-05,-2.98E-08,3.456027161,-56.54397284,3.463725368
0.811,-0.000126837,-1.27E-07,-2.97E-05,-2.97E-08,3.434946223,-56.56505378,3.434529073
0.812,-0.00012653,-1.27E-07,-2.96E-05,-2.96E-08,3.413890999,-56.586109,3.405234308
0.813,-0.000126224,-1.26E-07,-2.96E-05,-2.96E-08,3.392861416,-56.60713858,3.405234308
0.814,-0.000125919,-1.26E-07,-2.95E-05,-2.95E-08,3.371857407,-56.62814259,3.375840406
0.815,-0.000125615,-1.26E-07,-2.94E-05,-2.94E-08,3.350878922,-56.64912108,3.346346695
0.816,-0.000125313,-1.25E-07,-2.93E-05,-2.93E-08,3.32992589,-56.67007411,3.316752494
0.817,-0.000125011,-1.25E-07,-2.93E-05,-2.93E-08,3.308998257,-56.69100174,3.316752494
0.818,-0.000124711,-1.25E-07,-2.92E-05,-2.92E-08,3.288095954,-56.71190405,3.287057116
0.819,-0.000124411,-1.24E-07,-2.91E-05,-2.91E-08,3.26721892,-56.73278108,3.257259866
0.82,-0.000124113,-1.24E-07,-2.91E-05,-2.91E-08,3.246367101,-56.7536329,3.257259866
0.821,-0.000123816,-1.24E-07,-2.90E-05,-2.90E-08,3.225540427,-56.77445957,3.227360045
0.822,-0.000123519,-1.24E-07,-2.89E-05,-2.89E-08,3.204738844,-56.79526116,3.197356942
0.823,-0.000123224,-1.23E-07,-2.89E-05,-2.89E-08,3.183962285,-56.81603772,3.197356942
0.824,-0.00012293,-1.23E-07,-2.88E-05,-2.88E-08,3.163210693,-56.83678931,3.167249842
0.825,-0.000122637,-1.23E-07,-2.87E-05,-2.87E-08,3.142484012,-56.85751599,3.137038021
0.826,-0.000122345,-1.22E-07,-2.86E-05,-2.86E-08,3.121782178,-56.87821782,3.106720749
0.827,-0.000122055,-1.22E-07,-2.86E-05,-2.86E-08,3.101105125,-56.89889487,3.106720749
0.828,-0.000121765,-1.22E-07,-2.85E-05,-2.85E-08,3.080452807,-56.91954719,3.076297287
0.829,-0.000121476,-1.21E-07,-2.84E-05,-2.84E-08,3.059825152,-56.94017485,3.045766888
0.83,-0.000121188,-1.21E-07,-2.84E-05,-2.84E-08,3.03922211,-56.96077789,3.045766888
0.831,-0.000120901,-1.21E-07,-2.83E-05,-2.83E-08,3.018643621,-56.98135638,3.015128797
0.832,-0.000120615,-1.21E-07,-2.82E-05,-2.82E-08,2.998089612,-57.00191039,2.984382253
0.833,-0.000120331,-1.20E-07,-2.82E-05,-2.82E-08,2.977560045,-57.02243995,2.984382253
0.834,-0.000120047,-1.20E-07,-2.81E-05,-2.81E-08,2.957054851,-57.04294515,2.953526485
0.835,-0.000119764,-1.20E-07,-2.80E-05,-2.80E-08,2.936573975,-57.06342602,2.922560714
0.836,-0.000119483,-1.19E-07,-2.80E-05,-2.80E-08,2.916117361,-57.08388264,2.922560714
0.837,-0.000119202,-1.19E-07,-2.79E-05,-2.79E-08,2.895684941,-57.10431506,2.891484152
0.838,-0.000118922,-1.19E-07,-2.78E-05,-2.78E-08,2.875276668,-57.12472333,2.860296005
0.839,-0.000118643,-1.19E-07,-2.78E-05,-2.78E-08,2.854892487,-57.14510751,2.860296005
0.84,-0.000118366,-1.18E-07,-2.77E-05,-2.77E-08,2.83453233,-57.16546767,2.828995468
0.841,-0.000118089,-1.18E-07,-2.77E-05,-2.77E-08,2.814196149,-57.18580385,2.828995468
0.842,-0.000117813,-1.18E-07,-2.76E-05,-2.76E-08,2.793883884,-57.20611612,2.797581728
0.843,-0.000117538,-1.18E-07,-2.75E-05,-2.75E-08,2.773595478,-57.22640452,2.766053963
0.844,-0.000117264,-1.17E-07,-2.75E-05,-2.75E-08,2.753330878,-57.24666912,2.766053963
0.845,-0.000116991,-1.17E-07,-2.74E-05,-2.74E-08,2.733090029,-57.26690997,2.734411343
0.846,-0.000116719,-1.17E-07,-2.73E-05,-2.73E-08,2.712872872,-57.28712713,2.702653028
0.847,-0.000116448,-1.16E-07,-2.73E-05,-2.73E-08,2.69267935,-57.30732065,2.702653028
0.848,-0.000116178,-1.16E-07,-2.72E-05,-2.72E-08,2.67250941,-57.32749059,2.670778167
0.849,-0.000115909,-1.16E-07,-2.71E-05,-2.71E-08,2.652362997,-57.347637,2.638785904
0.85,-0.000115641,-1.16E-07,-2.71E-05,-2.71E-08,2.632240047,-57.36775995,2.638785904
0.851,-0.000115373,-1.15E-07,-2.70E-05,-2.70E-08,2.61214052,-57.38785948,2.60667537
0.852,-0.000115107,-1.15E-07,-2.70E-05,-2.70E-08,2.592064358,-57.40793564,2.60667537
0.853,-0.000114842,-1.15E-07,-2.69E-05,-2.69E-08,2.572011499,-57.4279885,2.574445687
0.854,-0.000114577,-1.15E-07,-2.68E-05,-2.68E-08,2.551981901,-57.4480181,2.542095967
0.855,-0.000114313,-1.14E-07,-2.68E-05,-2.68E-08,2.531975497,-57.4680245,2.542095967
0.856,-0.000114051,-1.14E-07,-2.67E-05,-2.67E-08,2.511992231,-57.48800777,2.509625314
0.857,-0.000113789,-1.14E-07,-2.66E-05,-2.66E-08,2.492032063,-57.50796794,2.477032819
0.858,-0.000113528,-1.14E-07,-2.66E-05,-2.66E-08,2.472094933,-57.52790507,2.477032819
0.859,-0.000113268,-1.13E-07,-2.65E-05,-2.65E-08,2.452180785,-57.54781921,2.444317565
0.86,-0.000113009,-1.13E-07,-2.65E-05,-2.65E-08,2.432289575,-57.56771043,2.444317565
0.861,-0.000112751,-1.13E-07,-2.64E-05,-2.64E-08,2.412421242,-57.58757876,2.411478624
0.862,-0.000112493,-1.12E-07,-2.63E-05,-2.63E-08,2.392575728,-57.60742427,2.378515057
0.863,-0.000112237,-1.12E-07,-2.63E-05,-2.63E-08,2.372752993,-57.62724701,2.378515057
0.864,-0.000111981,-1.12E-07,-2.62E-05,-2.62E-08,2.35295298,-57.64704702,2.345425913
0.865,-0.000111727,-1.12E-07,-2.62E-05,-2.62E-08,2.333175634,-57.66682437,2.345425913
0.866,-0.000111473,-1.11E-07,-2.61E-05,-2.61E-08,2.313420908,-57.68657909,2.312210233
0.867,-0.00011122,-1.11E-07,-2.60E-05,-2.60E-08,2.293688744,-57.70631126,2.278867046
0.868,-0.000110968,-1.11E-07,-2.60E-05,-2.60E-08,2.273979088,-57.72602091,2.278867046
0.869,-0.000110717,-1.11E-07,-2.59E-05,-2.59E-08,2.254291902,-57.7457081,2.245395368
0.87,-0.000110466,-1.10E-07,-2.59E-05,-2.59E-08,2.234627122,-57.76537288,2.245395368
0.871,-0.000110217,-1.10E-07,-2.58E-05,-2.58E-08,2.214984706,-57.78501529,2.211794206
0.872,-0.000109968,-1.10E-07,-2.58E-05,-2.58E-08,2.195364596,-57.8046354,2.211794206
0.873,-0.00010972,-1.10E-07,-2.57E-05,-2.57E-08,2.175766745,-57.82423325,2.178062553
0.874,-0.000109473,-1.09E-07,-2.56E-05,-2.56E-08,2.156191099,-57.8438089,2.144199393
0.875,-0.000109227,-1.09E-07,-2.56E-05,-2.56E-08,2.136637609,-57.86336239,2.144199393
0.876,-0.000108982,-1.09E-07,-2.55E-05,-2.55E-08,2.117106228,-57.88289377,2.110203695
0.877,-0.000108737,-1.09E-07,-2.55E-05,-2.55E-08,2.0975969,-57.9024031,2.110203695
0.878,-0.000108494,-1.08E-07,-2.54E-05,-2.54E-08,2.078109584,-57.92189042,2.076074419
0.879,-0.000108251,-1.08E-07,-2.53E-05,-2.53E-08,2.058644221,-57.94135578,2.04181051
0.88,-0.000108009,-1.08E-07,-2.53E-05,-2.53E-08,2.039200765,-57.96079924,2.04181051
0.881,-0.000107767,-1.08E-07,-2.52E-05,-2.52E-08,2.019779166,-57.98022083,2.007410902
0.882,-0.000107527,-1.08E-07,-2.52E-05,-2.52E-08,2.000379374,-57.99962063,2.007410902
0.883,-0.000107287,-1.07E-07,-2.51E-05,-2.51E-08,1.98100134,-58.01899866,1.972874516
0.884,-0.000107049,-1.07E-07,-2.51E-05,-2.51E-08,1.961645024,-58.03835498,1.972874516
0.885,-0.000106811,-1.07E-07,-2.50E-05,-2.50E-08,1.942310364,-58.05768964,1.93820026
0.886,-0.000106573,-1.07E-07,-2.50E-05,-2.50E-08,1.922997321,-58.07700268,1.93820026
0.887,-0.000106337,-1.06E-07,-2.49E-05,-2.49E-08,1.903705838,-58.09629416,1.903387029
0.888,-0.000106101,-1.06E-07,-2.48E-05,-2.48E-08,1.884435869,-58.11556413,1.868433703
0.889,-0.000105866,-1.06E-07,-2.48E-05,-2.48E-08,1.865187373,-58.13481263,1.868433703
0.89,-0.000105632,-1.06E-07,-2.47E-05,-2.47E-08,1.845960298,-58.1540397,1.833339152
0.891,-0.000105399,-1.05E-07,-2.47E-05,-2.47E-08,1.826754593,-58.17324541,1.833339152
0.892,-0.000105166,-1.05E-07,-2.46E-05,-2.46E-08,1.807570213,-58.19242979,1.798102229
0.893,-0.000104935,-1.05E-07,-2.46E-05,-2.46E-08,1.788407113,-58.21159289,1.798102229
0.894,-0.000104704,-1.05E-07,-2.45E-05,-2.45E-08,1.769265246,-58.23073475,1.762721774
0.895,-0.000104473,-1.04E-07,-2.45E-05,-2.45E-08,1.750144559,-58.24985544,1.762721774
0.896,-0.000104244,-1.04E-07,-2.44E-05,-2.44E-08,1.731045006,-58.26895499,1.727196613
0.897,-0.000104015,-1.04E-07,-2.44E-05,-2.44E-08,1.711966548,-58.28803345,1.727196613
0.898,-0.000103787,-1.04E-07,-2.43E-05,-2.43E-08,1.692909128,-58.30709087,1.691525559
0.899,-0.00010356,-1.04E-07,-2.43E-05,-2.43E-08,1.673872714,-58.32612729,1.691525559
0.9,-0.000103334,-1.03E-07,-2.42E-05,-2.42E-08,1.654857239,-58.34514276,1.655707406
0.901,-0.000103108,-1.03E-07,-2.41E-05,-2.41E-08,1.635862665,-58.36413733,1.619740938
0.902,-0.000102883,-1.03E-07,-2.41E-05,-2.41E-08,1.61688895,-58.38311105,1.619740938
0.903,-0.000102659,-1.03E-07,-2.40E-05,-2.40E-08,1.59793605,-58.40206395,1.583624921
0.904,-0.000102435,-1.02E-07,-2.40E-05,-2.40E-08,1.579003916,-58.42099608,1.583624921
0.905,-0.000102212,-1.02E-07,-2.39E-05,-2.39E-08,1.560092503,-58.4399075,1.547358106
0.906,-0.00010199,-1.02E-07,-2.39E-05,-2.39E-08,1.541201764,-58.45879824,1.547358106
0.907,-0.000101769,-1.02E-07,-2.38E-05,-2.38E-08,1.522331647,-58.47766835,1.510939228
0.908,-0.000101548,-1.02E-07,-2.38E-05,-2.38E-08,1.503482129,-58.49651787,1.510939228
0.909,-0.000101328,-1.01E-07,-2.37E-05,-2.37E-08,1.484653141,-58.51534686,1.474367007
0.91,-0.000101109,-1.01E-07,-2.37E-05,-2.37E-08,1.465844652,-58.53415535,1.474367007
0.911,-0.000100891,-1.01E-07,-2.36E-05,-2.36E-08,1.447056614,-58.55294339,1.437640146
0.912,-0.000100673,-1.01E-07,-2.36E-05,-2.36E-08,1.42828897,-58.57171103,1.437640146
0.913,-0.000100456,-1.00E-07,-2.35E-05,-2.35E-08,1.409541701,-58.5904583,1.400757332
0.914,-0.00010024,-1.00E-07,-2.35E-05,-2.35E-08,1.390814744,-58.60918526,1.400757332
0.915,-0.000100024,-1.00E-07,-2.34E-05,-2.34E-08,1.37210806,-58.62789194,1.363717235
0.916,-9.98E-05,-9.98E-08,-2.34E-05,-2.34E-08,1.353421609,-58.64657839,1.363717235
0.917,-9.96E-05,-9.96E-08,-2.33E-05,-2.33E-08,1.334755336,-58.66524466,1.326518507
0.918,-9.94E-05,-9.94E-08,-2.33E-05,-2.33E-08,1.31610921,-58.68389079,1.326518507
0.919,-9.92E-05,-9.92E-08,-2.32E-05,-2.32E-08,1.29748317,-58.70251683,1.289159785
0.92,-9.90E-05,-9.90E-08,-2.32E-05,-2.32E-08,1.278877186,-58.72112281,1.289159785
0.921,-9.87E-05,-9.87E-08,-2.31E-05,-2.31E-08,1.260291218,-58.73970878,1.251639685
0.922,-9.85E-05,-9.85E-08,-2.31E-05,-2.31E-08,1.241725211,-58.75827479,1.251639685
0.923,-9.83E-05,-9.83E-08,-2.30E-05,-2.30E-08,1.223179139,-58.77682086,1.213956807
0.924,-9.81E-05,-9.81E-08,-2.30E-05,-2.30E-08,1.204652944,-58.79534706,1.213956807
0.925,-9.79E-05,-9.79E-08,-2.29E-05,-2.29E-08,1.186146584,-58.81385342,1.176109734
0.926,-9.77E-05,-9.77E-08,-2.29E-05,-2.29E-08,1.167660023,-58.83233998,1.176109734
0.927,-9.75E-05,-9.75E-08,-2.28E-05,-2.28E-08,1.149193216,-58.85080678,1.138097027
0.928,-9.73E-05,-9.73E-08,-2.28E-05,-2.28E-08,1.13074612,-58.86925388,1.138097027
0.929,-9.71E-05,-9.71E-08,-2.27E-05,-2.27E-08,1.112318695,-58.8876813,1.099917231
0.93,-9.69E-05,-9.69E-08,-2.27E-05,-2.27E-08,1.093910893,-58.90608911,1.099917231
0.931,-9.67E-05,-9.67E-08,-2.26E-05,-2.26E-08,1.075522684,-58.92447732,1.06156887
0.932,-9.65E-05,-9.65E-08,-2.26E-05,-2.26E-08,1.057154022,-58.94284598,1.06156887
0.933,-9.63E-05,-9.63E-08,-2.25E-05,-2.25E-08,1.038804855,-58.96119514,1.023050449
0.934,-9.61E-05,-9.61E-08,-2.25E-05,-2.25E-08,1.020475154,-58.97952485,1.023050449
0.935,-9.59E-05,-9.59E-08,-2.24E-05,-2.24E-08,1.002164871,-58.99783513,0.984360453
0.936,-9.57E-05,-9.57E-08,-2.24E-05,-2.24E-08,0.983873961,-59.01612604,0.984360453
0.937,-9.55E-05,-9.55E-08,-2.24E-05,-2.24E-08,0.965602404,-59.0343976,0.984360453
0.938,-9.53E-05,-9.53E-08,-2.23E-05,-2.23E-08,0.947350128,-59.05264987,0.945497348
0.939,-9.51E-05,-9.51E-08,-2.23E-05,-2.23E-08,0.929117103,-59.0708829,0.945497348
0.94,-9.49E-05,-9.49E-08,-2.22E-05,-2.22E-08,0.910903297,-59.0890967,0.906459576
0.941,-9.47E-05,-9.47E-08,-2.22E-05,-2.22E-08,0.892708665,-59.10729133,0.906459576
0.942,-9.45E-05,-9.45E-08,-2.21E-05,-2.21E-08,0.874533174,-59.12546683,0.86724556
0.943,-9.43E-05,-9.43E-08,-2.21E-05,-2.21E-08,0.856376776,-59.14362322,0.86724556
0.944,-9.41E-05,-9.41E-08,-2.20E-05,-2.20E-08,0.838239427,-59.16176057,0.827853703
0.945,-9.39E-05,-9.39E-08,-2.20E-05,-2.20E-08,0.820121091,-59.17987891,0.827853703
0.946,-9.37E-05,-9.37E-08,-2.19E-05,-2.19E-08,0.802021726,-59.19797827,0.788282384
0.947,-9.35E-05,-9.35E-08,-2.19E-05,-2.19E-08,0.783941302,-59.2160587,0.788282384
0.948,-9.33E-05,-9.33E-08,-2.18E-05,-2.18E-08,0.765879767,-59.23412023,0.748529959
0.949,-9.31E-05,-9.31E-08,-2.18E-05,-2.18E-08,0.747837086,-59.25216291,0.748529959
0.95,-9.29E-05,-9.29E-08,-2.18E-05,-2.18E-08,0.729813227,-59.27018677,0.748529959
0.951,-9.27E-05,-9.27E-08,-2.17E-05,-2.17E-08,0.711808137,-59.28819186,0.708594764
0.952,-9.25E-05,-9.25E-08,-2.17E-05,-2.17E-08,0.693821784,-59.30617822,0.708594764
0.953,-9.23E-05,-9.23E-08,-2.16E-05,-2.16E-08,0.675854124,-59.32414588,0.66847511
0.954,-9.21E-05,-9.21E-08,-2.16E-05,-2.16E-08,0.657905123,-59.34209488,0.66847511
0.955,-9.19E-05,-9.19E-08,-2.15E-05,-2.15E-08,0.639974742,-59.36002526,0.628169285
0.956,-9.17E-05,-9.17E-08,-2.15E-05,-2.15E-08,0.622062948,-59.37793705,0.628169285
0.957,-9.16E-05,-9.16E-08,-2.14E-05,-2.14E-08,0.604169697,-59.3958303,0.587675554
0.958,-9.14E-05,-9.14E-08,-2.14E-05,-2.14E-08,0.586294948,-59.41370505,0.587675554
0.959,-9.12E-05,-9.12E-08,-2.14E-05,-2.14E-08,0.56843866,-59.43156134,0.587675554
0.96,-9.10E-05,-9.10E-08,-2.13E-05,-2.13E-08,0.550600793,-59.44939921,0.546992155
0.961,-9.08E-05,-9.08E-08,-2.13E-05,-2.13E-08,0.532781315,-59.46721868,0.546992155
0.962,-9.06E-05,-9.06E-08,-2.12E-05,-2.12E-08,0.514980193,-59.48501981,0.506117305
0.963,-9.04E-05,-9.04E-08,-2.12E-05,-2.12E-08,0.497197389,-59.50280261,0.506117305
0.964,-9.03E-05,-9.03E-08,-2.11E-05,-2.11E-08,0.47943286,-59.52056714,0.465049193
0.965,-9.01E-05,-9.01E-08,-2.11E-05,-2.11E-08,0.461686561,-59.53831344,0.465049193
0.966,-8.99E-05,-8.99E-08,-2.10E-05,-2.10E-08,0.443958465,-59.55604153,0.423785981
0.967,-8.97E-05,-8.97E-08,-2.10E-05,-2.10E-08,0.426248531,-59.57375147,0.423785981
0.968,-8.95E-05,-8.95E-08,-2.10E-05,-2.10E-08,0.408556727,-59.59144327,0.423785981
0.969,-8.93E-05,-8.93E-08,-2.09E-05,-2.09E-08,0.390883012,-59.60911699,0.382325809
0.97,-8.92E-05,-8.92E-08,-2.09E-05,-2.09E-08,0.373227352,-59.62677265,0.382325809
0.971,-8.90E-05,-8.90E-08,-2.08E-05,-2.08E-08,0.355589703,-59.6444103,0.340666786
0.972,-8.88E-05,-8.88E-08,-2.08E-05,-2.08E-08,0.33797002,-59.66202998,0.340666786
0.973,-8.86E-05,-8.86E-08,-2.08E-05,-2.08E-08,0.32036829,-59.67963171,0.340666786
0.974,-8.84E-05,-8.84E-08,-2.07E-05,-2.07E-08,0.302784456,-59.69721554,0.298806996
0.975,-8.83E-05,-8.83E-08,-2.07E-05,-2.07E-08,0.285218501,-59.7147815,0.298806996
0.976,-8.81E-05,-8.81E-08,-2.06E-05,-2.06E-08,0.267670379,-59.73232962,0.256744494
0.977,-8.79E-05,-8.79E-08,-2.06E-05,-2.06E-08,0.250140039,-59.74985996,0.256744494
0.978,-8.77E-05,-8.77E-08,-2.05E-05,-2.05E-08,0.232627465,-59.76737254,0.214477308
0.979,-8.75E-05,-8.75E-08,-2.05E-05,-2.05E-08,0.215132612,-59.78486739,0.214477308
0.98,-8.74E-05,-8.74E-08,-2.05E-05,-2.05E-08,0.19765545,-59.80234455,0.214477308
0.981,-8.72E-05,-8.72E-08,-2.04E-05,-2.04E-08,0.180195941,-59.81980406,0.172003435
0.982,-8.70E-05,-8.70E-08,-2.04E-05,-2.04E-08,0.162754034,-59.83724597,0.172003435
0.983,-8.68E-05,-8.68E-08,-2.03E-05,-2.03E-08,0.14532972,-59.85467028,0.129320845
0.984,-8.67E-05,-8.67E-08,-2.03E-05,-2.03E-08,0.12792294,-59.87207706,0.129320845
0.985,-8.65E-05,-8.65E-08,-2.03E-05,-2.03E-08,0.11053368,-59.88946632,0.129320845
0.986,-8.63E-05,-8.63E-08,-2.02E-05,-2.02E-08,0.093161894,-59.90683811,0.086427476
0.987,-8.62E-05,-8.62E-08,-2.02E-05,-2.02E-08,0.07580753,-59.92419247,0.086427476
0.988,-8.60E-05,-8.60E-08,-2.01E-05,-2.01E-08,0.058470585,-59.94152942,0.043321235
0.989,-8.58E-05,-8.58E-08,-2.01E-05,-2.01E-08,0.041151001,-59.958849,0.043321235
0.99,-8.56E-05,-8.56E-08,-2.01E-05,-2.01E-08,0.023848754,-59.97615125,0.043321235
0.991,-8.55E-05,-8.55E-08,-2.00E-05,-2.00E-08,0.006563807,-59.99343619,0
0.992,-8.53E-05,-8.53E-08,-2.00E-05,-2.00E-08,-0.010703879,-60.01070388,0
0.993,-8.51E-05,-8.51E-08,-1.99E-05,-1.99E-08,-0.027954336,-60.02795434,-0.043538385
0.994,-8.50E-05,-8.50E-08,-1.99E-05,-1.99E-08,-0.045187597,-60.0451876,-0.043538385
0.995,-8.48E-05,-8.48E-08,-1.99E-05,-1.99E-08,-0.062403691,-60.06240369,-0.043538385
0.996,-8.46E-05,-8.46E-08,-1.98E-05,-1.98E-08,-0.079602662,-60.07960266,-0.087296108
0.997,-8.45E-05,-8.45E-08,-1.98E-05,-1.98E-08,-0.096784542,-60.09678454,-0.087296108
0.998,-8.43E-05,-8.43E-08,-1.97E-05,-1.97E-08,-0.11394936,-60.11394936,-0.13127539
0.999,-8.41E-05,-8.41E-08,-1.97E-05,-1.97E-08,-0.131097154,-60.13109715,-0.13127539
